cell_id,model,model_id_config,task_id,prompt_id,temperature,run_index,seed,status,metric_name,metric_value,latency_ms,done_reason,eval_count,prompt_eval_count,think,num_predict,budget_exhausted,prediction_empty,prediction_char_len,thinking_length,thinking_sha256
4453fccda72062264389e0f2a304f6367c18698d6e3a8885c22e21b7362e9824,qwen3_32b,qwen3:32b,task-humaneval_plus-023,minimal,0.0,3,20260407,budget_exhausted,pass_at_1,0.0,416828.2517330372,length,4096,191,true,4096,True,True,0,14239,13ea8543bef161bd61a70fcb8a03e51ca8352d7cc13bb844c709124009c0f849
549c55602a41b4a00b923214d6cb6bd707709e90167745bb00ca859e558f4edf,qwen3_32b,qwen3:32b,task-humaneval_plus-076,explicit_reasoning,0.0,4,20260408,completed,pass_at_1,1.0,107617.36790195573,stop,1129,165,true,4096,False,False,421,3971,d6c55d27869707357b9cffcffbc2900005d0bd12aa2ca6f739945c14b5775f28
ef0c77d1dc7a1798a7da1aa2e3e843aafc29d89fbe192df1360e40fa640f8171,qwen3_32b,qwen3:32b,task-humaneval_plus-143,minimal,0.0,2,20260406,completed,pass_at_1,1.0,92025.64242196968,stop,973,154,true,4096,False,False,225,3377,9b54b85243ab850cf53552ae19025bd72b8d40a4d77b33a2c80843d8ac2f62a2
87588bb6faeada0cdddc89c2b2f05f77d94c74208aba0881e5d3f45a15c27546,qwen3_32b,qwen3:32b,task-humaneval_plus-077,professional,0.2,2,20260406,completed,pass_at_1,1.0,222064.90124302218,stop,2272,137,true,4096,False,False,90,8747,00a59b4d317823db890c22fac0ae47336c91ca4a111b2aa00e80111fb19f2d65
1012451d6b54a6348be07540655fb2d80f697449bf38ae04096aa35d47039c54,qwen3_32b,qwen3:32b,task-humaneval_plus-025,minimal,0.2,0,20260404,completed,pass_at_1,1.0,85068.35466896882,stop,911,144,true,4096,False,False,266,3389,1cc6fb3554f0cee6b1181d0d6f1ff4ff08640462be3000a9035ecfffcb0b335e
652ce571f8fa0b025e0d1e53a54fb58543891c71eb145bc6c4b880ce202238c7,qwen3_32b,qwen3:32b,task-humaneval_plus-066,professional,0.2,3,20260407,completed,pass_at_1,1.0,106906.21817397187,stop,1158,161,true,4096,False,False,130,4200,5f7c87d52691fac31e4545f361bdb201efd4876c9e28055a12bc74030e4dcc84
f3f362d5a8662466abfbac7faf5803c596e577a02bddfddf63841febcdc9ba8e,qwen3_32b,qwen3:32b,task-humaneval_plus-059,explicit_reasoning,0.0,2,20260406,completed,pass_at_1,1.0,138666.33719200036,stop,1477,150,true,4096,False,False,529,4448,41c4bd165067fd3bca23c99d63f2989f7011f04aea2ebb68846977842312c57b
18714e8b620c70fadefd9ab0863c40454834f5dc7980bb07c9d89c358163a8c8,qwen3_32b,qwen3:32b,task-humaneval_plus-033,professional,0.2,3,20260407,completed,pass_at_1,1.0,220020.30970097985,stop,2234,306,true,4096,False,False,538,7245,d99b5aafbd77f0ababb2d6ac3cb582ce2dfffc2f9fc945f2af8d5853cef0792d
b37d56e5720710ffdc11a88c9c72926185a700bbc8aa4758d512ff54dd7db9cb,qwen3_32b,qwen3:32b,task-humaneval_plus-140,testing_oriented,0.2,1,20260405,budget_exhausted,pass_at_1,0.0,418250.36685104715,length,4096,163,true,4096,True,True,0,14361,eeba77f9f30a6259553c5db79153dc3ae67fd699062d29427ce7fc34dbf47b98
92c37995dab16683a2d67f107ae7da63409c117120c077ed185d1afc92a46205,qwen3_32b,qwen3:32b,task-humaneval_plus-111,professional,0.2,1,20260405,completed,pass_at_1,1.0,164502.44970800122,stop,1730,143,true,4096,False,False,426,5137,4b3821683227f7f5270aba4a42273207b8e1cfd2dc70a4a21bf9e1c4c6e5dcfd
1ca5a8983e98732aafc78365279fcfdc3d9c503f9b1629296da4490ef7c91068,qwen3_32b,qwen3:32b,task-humaneval_plus-049,testing_oriented,0.0,1,20260405,completed,pass_at_1,1.0,395173.917505017,stop,3809,264,true,4096,False,False,453,14056,9aaa1175decb4e4ed84a34791182ffd794c9063e9c8546aacf59a5dd96d48b2c
4e3144e0e31913f1f8c83306b5b1477b1b2211457992916583b51d544bf02b63,qwen3_32b,qwen3:32b,task-humaneval_plus-007,minimal,0.2,1,20260405,budget_exhausted,pass_at_1,0.0,416873.0105679715,length,4096,192,true,4096,True,True,0,13195,57989fcd0a8fc30f080d29b619f684f2f7eeb8267910692c9af6699b4af0d45b
4c4924c20d022b44def890a9a1e6d21c5df0f1144e939cf3d92b9504bd88c003,qwen3_32b,qwen3:32b,task-humaneval_plus-085,minimal,0.0,0,20260404,completed,pass_at_1,1.0,63640.539170999546,stop,622,90,true,4096,False,False,219,2354,4714e202c393e4f34f7f2ae0743fa698a66facd44a3de897a90ac8f8c60225bd
5b6912fcd0e51b0ccfaec61c5fa07f3a7ac25865587fd6f9b76ac52e6972ebe5,qwen3_32b,qwen3:32b,task-humaneval_plus-116,explicit_reasoning,0.0,0,20260404,completed,pass_at_1,1.0,120582.40393298911,stop,1315,115,true,4096,False,False,266,3564,cb14a75c8985daace3a69d998f9ae03e3cb0a04a727baec793a4322b72bcef18
e18a6d42edbf093abe31add907c83c906458bdeda47aba3432c1378bcf125fe4,qwen3_32b,qwen3:32b,task-humaneval_plus-015,explicit_reasoning,0.2,0,20260404,completed,pass_at_1,1.0,209134.41308797337,stop,2192,257,true,4096,False,False,224,7446,cc99528d7afb3c1f24e6eb1a2196d0b47757dea58f0103d0b1191a4a955ef7d1
11ddcaf2fb4b5b8b49999cdebfaa16892ec460e2280a4cb8d7a2715eefc3058c,qwen3_32b,qwen3:32b,task-humaneval_plus-148,testing_oriented,0.2,2,20260406,completed,pass_at_1,1.0,95492.53076000605,stop,1048,197,true,4096,False,False,103,3389,839a110aaf40b01b2ed623a9ca8f461a128bbabb8e481320713eebcac0494eb0
4f9c22ea4aeb4a2b7c0957c80b58093ee8bf4673cbc1732d260c6add17f6ba2e,qwen3_32b,qwen3:32b,task-humaneval_plus-098,minimal,0.0,4,20260408,budget_exhausted,pass_at_1,0.0,407396.59120398574,length,4096,141,true,4096,True,True,0,14891,6b89a05a04ea5a2bb0b7d4e2e2be1303500c5f87a86a57d23a0106fbeb38718a
9d7930312578d1020d14888dd455dc015fdb4b721c9c5b38693e3fb555517c87,qwen3_32b,qwen3:32b,task-humaneval_plus-151,professional,0.0,4,20260408,completed,pass_at_1,1.0,197341.01114800433,stop,2092,311,true,4096,False,False,280,6889,70ff5f6159d3072c57d38985956270ea14beb1f9217b0890ccbc60f7b7404421
68fc1defd32720438cb4b379179b82520fbf7a08d153394cf58fcc7c7e571cf4,qwen3_32b,qwen3:32b,task-humaneval_plus-034,minimal,0.2,1,20260405,completed,pass_at_1,1.0,232225.06682999665,stop,2449,164,true,4096,False,False,297,8371,e5e041eab060692c33165fdc9e4effa633a117a22889840b4b54fc44391adde9
2b39c78478fbc71f9dd327f3360c1bf067abcd4d78039b1193bd1b7ba5f82885,qwen3_32b,qwen3:32b,task-humaneval_plus-046,minimal,0.0,3,20260407,completed,pass_at_1,1.0,124537.50203800155,stop,1335,139,true,4096,False,False,199,3911,96fe04c2e5fca91db55c4d0bcf8d6cfd193820dcbebf4552b81435807d33b0df
5f6a4bf2dc204e93cdba74d466e03d3e355b4cc202a3d4cb6df2b930be9e8fa1,qwen3_32b,qwen3:32b,task-humaneval_plus-042,testing_oriented,0.2,2,20260406,completed,pass_at_1,1.0,84480.80585896969,stop,908,153,true,4096,False,False,173,3045,7dcaf3ee73245f1bfb1be72df4925b573a4ff8fa6e8d50f7d0c0309cfc814e68
b30e9e154303dde60bafcc0e203126e9d2321e66dcdaa8c3c10808c81b013499,qwen3_32b,qwen3:32b,task-humaneval_plus-121,explicit_reasoning,0.2,2,20260406,completed,pass_at_1,1.0,152732.43549501058,stop,1649,172,true,4096,False,False,507,5896,2c50fcfb234dfe8f6997975289cb95e0376b6b21b93e683606ca9ec354d46a57
2289b3e8c4889d8a592150395db7a92701f2840d4da2da3eb17a294c94b6b36f,qwen3_32b,qwen3:32b,task-humaneval_plus-144,minimal,0.2,2,20260406,completed,pass_at_1,1.0,179118.40155301616,stop,1941,163,true,4096,False,False,178,5983,181ef65430583269047ffa8da83831f0c8decc84007fa58546cef367110a9078
25721577c1635b190a0187616761c18cf9816fdb79985f094a9003447011d05d,qwen3_32b,qwen3:32b,task-humaneval_plus-164,minimal,0.2,3,20260407,budget_exhausted,pass_at_1,0.0,402523.19167996757,length,4096,206,true,4096,True,True,0,13803,c197b1319e12c7c229c7c3ff721856495c03567b4ba9769d9b1552250e4bfefe
907cf250fa13b096a74a591724f0f344f5f49915f3f71c4187be974df37ea37e,qwen3_32b,qwen3:32b,task-humaneval_plus-111,minimal,0.0,3,20260407,completed,pass_at_1,0.0,197608.7943429593,stop,2129,133,true,4096,False,False,209,5643,86e94c10114ce4183c77683d4f86cb7fd502ebe740012afb283dc37275c66815
cb61433c4b03e6240b3c8ddd524764da1a814a0b292b0b8383a6dfa5a267a957,qwen3_32b,qwen3:32b,task-humaneval_plus-123,professional,0.0,3,20260407,completed,pass_at_1,1.0,105414.65748997871,stop,1133,141,true,4096,False,False,255,4367,971ef52f761283eeca4a875567cf69fabd05d8eb74f992a9d5887b3d0f571bff
b9b8517625134d7296ab0f719b2bccdaccbde24b209634cf79db1b0b2650732f,qwen3_32b,qwen3:32b,task-humaneval_plus-156,explicit_reasoning,0.0,1,20260405,budget_exhausted,pass_at_1,0.0,417086.7527619703,length,4096,167,true,4096,True,True,0,16269,62ca72cae93457f5f9ec756164afcef262b432fdbc5685936336e5e9b6be91cf
21844853fbddc6263daaf58cb65623ed5e818f9df4038c71ee1a5448b3840c65,qwen3_32b,qwen3:32b,task-humaneval_plus-023,testing_oriented,0.2,1,20260405,budget_exhausted,pass_at_1,0.0,422551.5931759728,length,4096,199,true,4096,True,True,0,14230,5cced477ea6fded356df63a03d0291d9b791330e3bfadccd9aaf1d2403962896
51cb7c901f74fc250564370a0fb06cca5220e3c34e0b872afc3bce03d3baee3c,qwen3_32b,qwen3:32b,task-humaneval_plus-084,professional,0.2,1,20260405,completed,pass_at_1,1.0,135835.20781097468,stop,1437,136,true,4096,False,False,298,5534,c4ea91b9142461236f1148f5afcb601f9d8d2696df47c4bde8047a6e3ddc4981
45fb41a2cad3ddef81895704af74f9bc7fd9ac2f63a006fc1e12ef7960f39d58,qwen3_32b,qwen3:32b,task-humaneval_plus-037,professional,0.0,1,20260405,budget_exhausted,pass_at_1,0.0,419670.88188498747,length,4096,287,true,4096,True,True,0,12358,b599b9cc34496436746834358bfb157e391e076cef99f6ed9fc7afbe197449e0
9645a7f399b75f2f6b50d222ca00eabdfcf6944d7c6ab23185086983c9a33ceb,qwen3_32b,qwen3:32b,task-humaneval_plus-041,explicit_reasoning,0.2,3,20260407,budget_exhausted,pass_at_1,0.0,419325.4998890334,length,4096,197,true,4096,True,True,0,15814,26d5910e491cc9bd1e5f0af9fb4762da09b5af5c0c90000855b5dc178eb6e3b4
15548b308c984ce8642efa9c3e181a9a3386ce04f41ce99861318de15676870d,qwen3_32b,qwen3:32b,task-humaneval_plus-008,testing_oriented,0.2,3,20260407,completed,pass_at_1,1.0,175473.81038300227,stop,1837,165,true,4096,False,False,187,6136,2d5fe5b2a864d1623739bf14910a9a7ceb86f392a30152ba1cced6e04d17adf8
5e8704b3b8fc8563dc93cc00bcef3d4ec71c1e45c59a65a7caeecc9e7c487d3a,qwen3_32b,qwen3:32b,task-humaneval_plus-049,minimal,0.0,0,20260404,completed,pass_at_1,1.0,281006.8039370235,stop,2793,256,true,4096,False,False,413,10053,9008791879188de46b43747a055ff09e028b4707eb230092715e57db12637cdd
fdf61967ae1a83bb38ad5915628751e0875ee4d4837274255e207fbb0b12141f,qwen3_32b,qwen3:32b,task-humaneval_plus-158,minimal,0.0,0,20260404,budget_exhausted,pass_at_1,0.0,429488.0764330155,length,4096,151,true,4096,True,True,0,15994,3c3da9b15efbbfdc756c002f28c0a360c64e19d11beffcfd2711d12f4ef01819
a3b69c722313b0ff2222e1284cca6e7350edb69bea5cf27f9ac67eae5ad2877b,qwen3_32b,qwen3:32b,task-humaneval_plus-044,testing_oriented,0.2,4,20260408,completed,pass_at_1,1.0,323910.563611018,stop,3213,191,true,4096,False,False,329,12336,c3f55765aac93df7496974ddca418d4ee379994796ac04f4ba0d4335f0935cc1
d10e079bc26da71e497c015471fadd524eba8b0af5f940076066408939d89761,qwen3_32b,qwen3:32b,task-humaneval_plus-032,professional,0.0,0,20260404,budget_exhausted,pass_at_1,0.0,431301.09664902557,length,4096,301,true,4096,True,True,0,16037,803b7047c86f9b5ecdad04eff110dd1aa6dece1ca9bbb3fc65376581229c8a3d
742d3c096c4458f4f98709ef4efc5c944baf91d69c88da732658a4f1c82cb74c,qwen3_32b,qwen3:32b,task-humaneval_plus-076,professional,0.2,0,20260404,completed,pass_at_1,1.0,111628.78511403687,stop,1175,157,true,4096,False,False,349,4367,4795bfe269eefecdec203fa9912ea269abb9454189e61b9f9a1f2308028412c5
6fe914cd9fa295ad7d3ffa42ea1a1fbddc8273724e9882b30fc5b5e572f9a215,qwen3_32b,qwen3:32b,task-humaneval_plus-076,minimal,0.2,1,20260405,completed,pass_at_1,1.0,102284.37568899244,stop,1101,147,true,4096,False,False,421,3944,0ae9b937b04ae47c62af21e3a6b0665a921ccbb759dc6f0fab5f40bfce7caf60
ea342e30da0541d7f02ecb05799a25916c3165e5cd61c0442301da5c7dad5a95,qwen3_32b,qwen3:32b,task-humaneval_plus-107,minimal,0.2,2,20260406,budget_exhausted,pass_at_1,0.0,421396.3891440071,length,4096,123,true,4096,True,True,0,12068,d48c5a5fff99a4cda0dc3e3029e160b84f0a335ad360ec7b5522b02068095161
6dc580c0455880913ecc8db2fb07ec087b5daac0e673bcd04e4c6d62f6180a98,qwen3_32b,qwen3:32b,task-humaneval_plus-035,explicit_reasoning,0.0,2,20260406,budget_exhausted,pass_at_1,0.0,425998.4400770045,length,4096,456,true,4096,True,True,0,15789,360d5a9502cf25ad550ce23936d6bead30fe0e95033db2e11efa935c345c723c
3dd2c5b135071970ad58eed58bb11ec0af8c776da576b1bbd000d6791cf52fc3,qwen3_32b,qwen3:32b,task-humaneval_plus-098,professional,0.0,3,20260407,budget_exhausted,pass_at_1,0.0,416020.18693397986,length,4096,151,true,4096,True,True,0,14335,adb9b31e07c63b1fdb3d34d8123b3f096b9dfb7a4977d826bb93422910892647
f921fc74b87bd45877359f987babb412ded49e0832f1548c3e024b6c445934b5,qwen3_32b,qwen3:32b,task-humaneval_plus-064,explicit_reasoning,0.0,4,20260408,completed,pass_at_1,1.0,115002.56497395458,stop,1233,128,true,4096,False,False,207,4242,7b874179cabfa93c33d648d8a21b6b5d58f4f43f7dd80d6f38dd7a2546896f89
ef70c9d69ffe4338fc78465eed6e90ddd1410e02360b22c68a5ccb4c7449a2a3,qwen3_32b,qwen3:32b,task-humaneval_plus-032,explicit_reasoning,0.0,1,20260405,completed,pass_at_1,1.0,333306.86481203884,stop,3299,309,true,4096,False,False,331,12248,c869a46227ccd8612c3f84d3a960963eb2c58875b24801d0cd43ea77498d3adb
121335f3f5fbeb6ee169fe44ebaf12211cca187d117ceaf214de018749804d46,qwen3_32b,qwen3:32b,task-humaneval_plus-037,professional,0.0,3,20260407,budget_exhausted,pass_at_1,0.0,424460.1574530243,length,4096,287,true,4096,True,True,0,13146,f7c47b893ad6706b3a9f654ad2178ba5444d05e3821d57bdbbdb85f689e96abc
c8a9f1849fdfffb20b396e2d4816187150255341b53fc8c4e159fa0b480c3355,qwen3_32b,qwen3:32b,task-humaneval_plus-023,professional,0.0,2,20260406,budget_exhausted,pass_at_1,0.0,429118.41992201516,length,4096,201,true,4096,True,True,0,14437,298e71aaac62b3b37e7f7c14af36fbfa1567c4997967d39ef99aca9d7b3d37d3
aee5f0c5827a92afec738fa1ddb67d3a1cc726df4d5041e321695c2afea6b90e,qwen3_32b,qwen3:32b,task-humaneval_plus-078,minimal,0.0,2,20260406,completed,pass_at_1,1.0,221510.28643903555,stop,2244,208,true,4096,False,False,485,6852,a354947d678c4758392794a6016a8de1ecb3449882138ed851dcabcc072ea99d
c174ae31680c26d01f2aea348e18eaa92d15b3eb735d7910d0dab0231b84f97a,qwen3_32b,qwen3:32b,task-humaneval_plus-136,testing_oriented,0.2,2,20260406,completed,pass_at_1,1.0,91107.52801399212,stop,958,207,true,4096,False,False,164,3085,a316c0237ae5bfe39845923b376ea2cdb0131ab977743222b245553627b67a6b
7ffb54dfbff0088bdcf312b8b43e6bf189fd676e58d8744668f7e24103f7d12d,qwen3_32b,qwen3:32b,task-humaneval_plus-107,testing_oriented,0.2,0,20260404,budget_exhausted,pass_at_1,0.0,420701.7718349816,length,4096,131,true,4096,True,True,0,12809,16cd6854638fa954321310564b9f25e85aca3dc6c6a5c81790d7a5ad66f9f2fa
156e9a771a37bf092b66147ed693d89c1041a45103709c18cdcf6e9b8f5b45a4,qwen3_32b,qwen3:32b,task-humaneval_plus-153,minimal,0.0,1,20260405,completed,pass_at_1,1.0,205229.0335019934,stop,2055,152,true,4096,False,False,93,7122,2d85f9b72b459e15463a96b7ab289773ea73dedd2042a0b8a198ee9f3272e542
1d5d7aba617deb48b8baf119c76bf410549aa21d8154b638479b2342d99f476c,qwen3_32b,qwen3:32b,task-humaneval_plus-122,explicit_reasoning,0.2,3,20260407,completed,pass_at_1,1.0,55781.65727801388,stop,584,164,true,4096,False,False,273,1647,1af896f4ee799f92c4bebc62991e6232e7eb36fce302305bd11466f792f0e10c
7228a3ef8978eab11020023baba60019a9289c00384509f6f93c559626519605,qwen3_32b,qwen3:32b,task-humaneval_plus-033,testing_oriented,0.0,0,20260404,completed,pass_at_1,1.0,258550.1405650284,stop,2629,304,true,4096,False,False,451,8739,5805617459a0ab8d8acf1295d1af3b6e0cd5da1d4cb539469777d3e93b70ffe1
1e0d20c345bfa169c941283a468e1030b977db0815e608d6fb18a86948979702,qwen3_32b,qwen3:32b,task-humaneval_plus-094,testing_oriented,0.2,1,20260405,completed,pass_at_1,1.0,70899.22517503146,stop,768,137,true,4096,False,False,57,3471,725df43098441d7696eaf625c9d5d765a2ab02cb88e0792b91b2599107935d1a
57e22efa3ce19345bbd8cd77860675f2c116dc5cef0ee56a85e11b4f1916f434,qwen3_32b,qwen3:32b,task-humaneval_plus-001,explicit_reasoning,0.2,0,20260404,completed,pass_at_1,1.0,198159.41129397834,stop,2081,184,true,4096,False,False,291,7647,b2247e9be796e926a3ce374961fc73283b6cb46e3bd64e47a46589e02ae2ba15
82271244d50f98480c411623be7533311b82970ac332537488ab8bd94a62507b,qwen3_32b,qwen3:32b,task-humaneval_plus-160,explicit_reasoning,0.2,3,20260407,budget_exhausted,pass_at_1,0.0,423348.8871009904,length,4096,233,true,4096,True,True,0,16460,2a8504708060cad03164d369acffa42eb44e7100a6a61374f1645118853f5b87
2ff74e3945b3486961a24606305f65e41e42d654c2a55a4cab33fe0f9f67613b,qwen3_32b,qwen3:32b,task-humaneval_plus-081,minimal,0.0,2,20260406,completed,pass_at_1,1.0,35594.98088702094,stop,378,85,true,4096,False,False,119,1496,318263fa7164f6bd040f4fbd99fc717f55ddd5c53cdc41f3541bb2bd00f924e7
18d65e2f2914009e9f67ed3e85f58292d17a6a6ef8bd6bbcdaaf20bd102820ed,qwen3_32b,qwen3:32b,task-humaneval_plus-101,testing_oriented,0.0,2,20260406,completed,pass_at_1,1.0,56347.71196398651,stop,595,201,true,4096,False,False,62,2479,e683a61de98299cf4718ea120afb50ee2ff0fff9508d10c89976950da19abf6c
acf843b3d6aa7161b61733178149d00743a1f0b21da9ab232bdaf1c3348eed98,qwen3_32b,qwen3:32b,task-humaneval_plus-109,professional,0.0,4,20260408,completed,pass_at_1,1.0,250962.27738499874,stop,2565,168,true,4096,False,False,63,8296,d103cb89e67f8711effcd6f01fa70557052289c35b25289d19e9046004301b40
df14739d1f0fea55dbdcfeb8bb79a0cddc7e566c914dae4ec8ba276bea590f95,qwen3_32b,qwen3:32b,task-humaneval_plus-163,professional,0.0,2,20260406,completed,pass_at_1,1.0,92468.39558100328,stop,988,124,true,4096,False,False,187,3140,040618cd1d0346b6736f3a03cd2b84ff1cd50165c915586f5d7b0db5a9b2ec43
0efb2552b736125175b8df9520b532b7465c04c5e1b7a1076e16ec4bac2b85ca,qwen3_32b,qwen3:32b,task-humaneval_plus-130,minimal,0.2,1,20260405,completed,pass_at_1,1.0,149758.4892429877,stop,1535,357,true,4096,False,False,530,5284,8a0ef02b72cc4682e45184876d26c8be6a90c0f72ae8fbc5ef5b153dbdb37f4c
115a56e9b4ea651728260a884e840a5ae6090e2d36612da82bbc3526ddb1deeb,qwen3_32b,qwen3:32b,task-humaneval_plus-004,testing_oriented,0.2,2,20260406,completed,pass_at_1,1.0,264084.96153901797,stop,2685,182,true,4096,False,False,74,9733,4eb29f0a88b2e489489e8392700e6d25b8c72621a5b8a0a315fe6422b80dc9d9
4df619903c04bd5dc6d8c33e03b236daeed54c0e23bae5345f9ac10c4ad0b906,qwen3_32b,qwen3:32b,task-humaneval_plus-039,minimal,0.0,0,20260404,budget_exhausted,pass_at_1,0.0,407296.34622699814,length,4096,176,true,4096,True,True,0,18310,3095b1e432b28156f9d53369651a534f5a5fa99175285701a117b76f0f332aa3
e6d1df25b07a7e6a5488a29829dc3df6ae04179a3d29b8a0c52aaddf69d0a414,qwen3_32b,qwen3:32b,task-humaneval_plus-161,explicit_reasoning,0.2,0,20260404,completed,pass_at_1,1.0,285972.54697803874,stop,2981,215,true,4096,False,False,382,10936,b3d02c61043b1bc7a6cebd2cee059e190a29db90068390e45e12e82713c5650f
72c5229628c638b8abfe5d533db614142dbb0fb6fe8c7dd67846338656520a74,qwen3_32b,qwen3:32b,task-humaneval_plus-038,testing_oriented,0.0,0,20260404,completed,pass_at_1,1.0,109607.46016504709,stop,1209,124,true,4096,False,False,214,4064,655dbff68de208ebb0ed66902d057e52d881767b4da096e67ce8eaf51e10aa5c
735ddf6d6d6289d38109ec60d7098c9e08014f05c0bc39f3005416160c541faf,qwen3_32b,qwen3:32b,task-humaneval_plus-012,explicit_reasoning,0.2,2,20260406,completed,pass_at_1,1.0,327398.2182130567,stop,3371,188,true,4096,False,False,309,11120,6bf8fc13fcd28727276530f24080bba52be302ba14b3d6e8d469ea357e46d3fd
11cb9f49a0e785616dd07a61870f0681a908d2617bffcfc765cf1cbd9b00d4cf,qwen3_32b,qwen3:32b,task-humaneval_plus-093,minimal,0.2,2,20260406,completed,pass_at_1,1.0,100176.67704698397,stop,1105,119,true,4096,False,False,192,4259,09dbaa1430a37dd2254bf550590eaa6cc847d773244b28e1f98a45e6b998f4a1
928f287d926d878d6fdf9ac35b3b0cc267a683190942fea463a03a7bd5f714f1,qwen3_32b,qwen3:32b,task-humaneval_plus-119,explicit_reasoning,0.2,3,20260407,completed,pass_at_1,1.0,114454.4423519983,stop,1254,183,true,4096,False,False,281,3904,bcc0ce56f0e67afd82c3684d8f701f2150709895ede3f1e8f62a2e146aa6a2a7
b9baa83f4defb47db54592aa1d76a597a35dbfa1871b4474efdc04f285351b94,qwen3_32b,qwen3:32b,task-humaneval_plus-056,explicit_reasoning,0.0,4,20260408,completed,pass_at_1,1.0,217206.78551896708,stop,2299,271,true,4096,False,False,369,8047,cd93fde737010a11a00a6c7564e7ec3d486f53f29d8bbf316f71dc7664224dc5
579fe7ef815b8162f1d53fba24a45c66b5c21e687d71b08f45a92006cec6226c,qwen3_32b,qwen3:32b,task-humaneval_plus-093,professional,0.2,2,20260406,completed,pass_at_1,1.0,103071.28506799927,stop,1137,129,true,4096,False,False,186,4457,9bc2213ec005c412d60ed340421d3cf0b4d8fe761b31c930b8c4b181ac52ec1b
d7661e0df4716e83d0679b537f05da13bd875d8a031bc96cd5228c92665b3cde,qwen3_32b,qwen3:32b,task-humaneval_plus-139,explicit_reasoning,0.0,0,20260404,budget_exhausted,pass_at_1,0.0,406382.571619004,length,4096,202,true,4096,True,True,0,13622,b12314a4ff20c8674b833412225ac14ee483d8913a09e1c44472e6b1c8927469
b9a57bd3602f43c726f0940e190576d69927e633553f6e92905acc031cbea0e9,qwen3_32b,qwen3:32b,task-humaneval_plus-040,minimal,0.0,4,20260408,completed,pass_at_1,0.0,95411.17093997309,stop,1050,203,true,4096,False,False,93,3381,1fe2bbadb51e7b388c7f864ef31b4521673664ee5336df3f7808f426365132e2
c73a44c85b671f6e484d539bfdeb2964711ad9bddeed36c714678f9704fc889b,qwen3_32b,qwen3:32b,task-humaneval_plus-112,professional,0.0,4,20260408,completed,pass_at_1,1.0,152465.35202296218,stop,1660,174,true,4096,False,False,213,5648,c2ac45a7d55e9854c9dc753b9b56ff6813d1055a175be10e06c50da2c081802d
93f69366082c51ea90bd3918daf493ce73c529462d8eea9aacb0abdb4aecdf07,qwen3_32b,qwen3:32b,task-humaneval_plus-001,professional,0.2,2,20260406,completed,pass_at_1,1.0,212951.07027399354,stop,2266,176,true,4096,False,False,547,8166,847674a3ebcf9f8e4575c014350317b9cf49477d1835ee0956ababe174068828
24674d58b923b9b6b6d5c966b9da84aaaead8f3312dc33da43bbd02a860db626,qwen3_32b,qwen3:32b,task-humaneval_plus-075,explicit_reasoning,0.2,1,20260405,completed,pass_at_1,1.0,213194.45469899802,stop,2271,148,true,4096,False,False,304,8771,1f8a2c98eb73b8d5e03b6dc9a5907af886101f8ee98be5d3debc3c1fd1a4c1e0
96e9f9d1a96c5322261057076e6923f7af29d758c6a02e5044a0121b718ce9ec,qwen3_32b,qwen3:32b,task-humaneval_plus-078,testing_oriented,0.0,3,20260407,completed,pass_at_1,0.0,406059.713686991,length,4096,216,true,4096,False,False,506,14010,c1c5363e9f4eafeeeb548c3ca88524705fcc9fa10f5888294b7f820648337c19
08d4f732b849b35aca71c2e4d95397c27fc255ff4ea298eceafb5df22f9dea61,qwen3_32b,qwen3:32b,task-humaneval_plus-155,professional,0.2,3,20260407,budget_exhausted,pass_at_1,0.0,405458.63416499924,length,4096,176,true,4096,True,True,0,15699,e4a494d1789cc6eb1e571be021214c55c7a8a86e2f4aca51fe7dc1456039eab3
9c0e3a53ae779b8fc9c1703a06aa9d48e6b60d619ab97eaad7f6db5f63b8622a,qwen3_32b,qwen3:32b,task-humaneval_plus-012,explicit_reasoning,0.0,1,20260405,completed,pass_at_1,1.0,259307.21171502955,stop,2727,188,true,4096,False,False,337,9078,94bc6d5d7efa51c24f4b97f5d0efc453331871e0c72acd9553e6b6d0d6b40fc7
39b15bd21332de491466adf4fb9037ef2f322ba8f2581770f66ad307ba7973d1,qwen3_32b,qwen3:32b,task-humaneval_plus-014,minimal,0.2,0,20260404,budget_exhausted,pass_at_1,0.0,402452.93513697106,length,4096,124,true,4096,True,True,0,14035,bd29def07e4757ccd5ce93ecc50189d85c0b4118a8afc580b7a71918857ce3c7
2aa96ab0e393a7566456f64dd64bc7386a7bd8fc7a10ae912a2ef8def35b519b,qwen3_32b,qwen3:32b,task-humaneval_plus-074,testing_oriented,0.0,4,20260408,completed,pass_at_1,1.0,93354.71325996332,stop,1033,222,true,4096,False,False,337,3593,909f0f118bcc84b162feba36bf5424f7717d0c90bcd8a7ff54b4a0cc1607535b
2705aa58e95849aca314aaad1083ba7789857b40b109472253cc7f05f89d73c4,qwen3_32b,qwen3:32b,task-humaneval_plus-043,minimal,0.2,3,20260407,completed,pass_at_1,1.0,124218.66511896951,stop,1358,180,true,4096,False,False,327,4629,91d6e86f7993c3140152468c44cc62e44fcad33cb546abba43348b7cdf7f9b0d
04b856c4c093ffff6befe98a31164d747265b138a613edbdf62650403a0d181d,qwen3_32b,qwen3:32b,task-humaneval_plus-024,professional,0.0,4,20260408,budget_exhausted,pass_at_1,0.0,405955.9312980273,length,4096,220,true,4096,True,True,0,15004,34db081a0de39b8bdeaab48420aebc107c4f3206bf8aa32a653cde6aa82979e9
14bf52e677affe88933e82f0ab50d381d4e2148c868b234290e91ddc71edff53,qwen3_32b,qwen3:32b,task-humaneval_plus-131,explicit_reasoning,0.0,2,20260406,completed,pass_at_1,0.0,182434.47354395175,stop,1962,225,true,4096,False,False,191,6547,a3898952cea282e8351731c037e7d7440a8076d1df7ec26e02bfea607f60b832
493d579816d77817739941c36d03981473b69fd1b5299173581c5f5383d6c382,qwen3_32b,qwen3:32b,task-humaneval_plus-114,explicit_reasoning,0.2,4,20260408,completed,pass_at_1,1.0,56198.80325801205,stop,629,114,true,4096,False,False,143,2303,2af3c90c85aaca8de6b682ec2165312edf5cc11de19081b970990d1204a6add8
ef1f981361e3f059ad05b6e7b84abeaca1a40cdfed091662b36d0d34fbbc39b8,qwen3_32b,qwen3:32b,task-humaneval_plus-019,minimal,0.2,2,20260406,completed,pass_at_1,1.0,221437.2560189804,stop,2359,130,true,4096,False,False,241,7205,dcf1f278b3941ad6621846cbbc9e334aa1d51297b9c36afde12edad7d63d0592
2fa5ddc919b6a70c343634128f9e917727f2dfa68cdd038fb25614aa63179a3b,qwen3_32b,qwen3:32b,task-humaneval_plus-152,explicit_reasoning,0.2,1,20260405,completed,pass_at_1,1.0,120884.05343797058,stop,1322,263,true,4096,False,False,261,4589,fc4caeb5e4f23c2994798059e33b49224258864a0644dc1329ad88afc705939b
7fb807ae99af746490ba961ddb14874b1531a603abf85a7e79492f0dd42ce0d6,qwen3_32b,qwen3:32b,task-humaneval_plus-147,explicit_reasoning,0.2,3,20260407,budget_exhausted,pass_at_1,0.0,403392.61866605375,length,4096,104,true,4096,True,True,0,10321,413e1bf27f2d209fd78f93caa68e4a4c117d24690975f3a3dc6f6e40c80f4520
4de8d6cb48134afa2eae4f87bb1677e49a3ec7806bc4bf34f0e060d93895e108,qwen3_32b,qwen3:32b,task-humaneval_plus-123,testing_oriented,0.0,4,20260408,completed,pass_at_1,1.0,144321.08077796875,stop,1579,139,true,4096,False,False,275,6443,c338c6335c83b7c6cddb7b34b2fa15bf7f45b7ad4fda5bf6e46b138241507524
a4bfea7ec6ce563f94477a2deb63f88a97985d249025eb53e6c366ea2a8a66b3,qwen3_32b,qwen3:32b,task-humaneval_plus-110,professional,0.2,1,20260405,completed,pass_at_1,1.0,79337.53203996457,stop,881,144,true,4096,False,False,274,3051,24b79ed5efa9342d89f90ed16154503ab6abf294547007ebcaa2b74f5a3bec94
39695dc1f2843a80eb28da7692e54493c8e85697044715ebdfe7a39aef7833a5,qwen3_32b,qwen3:32b,task-humaneval_plus-146,professional,0.2,3,20260407,completed,pass_at_1,1.0,252749.56826801645,stop,2673,133,true,4096,False,False,309,8966,23cc47cd1abe42dbcc874db0b67889348d94f654fa2220ea9b171f0c548f9c9e
afc5cda25188afc2fc809f11630876cab5822c242ca6e41774477bf1ec860cd0,qwen3_32b,qwen3:32b,task-humaneval_plus-031,explicit_reasoning,0.2,3,20260407,completed,pass_at_1,0.0,404383.2016629749,length,4096,201,true,4096,False,False,77,16902,ab4f4d386ecc709b40429defc4def162684070dd3e31ee0145edb522f3346f82
e2e65a1ed958122930ef19f817a99826ecf001545e78dde9763d81f11a248fc1,qwen3_32b,qwen3:32b,task-humaneval_plus-031,testing_oriented,0.2,4,20260408,completed,pass_at_1,1.0,332451.65813399944,stop,3428,191,true,4096,False,False,225,14122,4ad5b799d14fc8726739840502a23f45a249dd88ccf2c1801137ceb56e2bf726
aec6a7a1d80ab73bf8023190efe79261f84a0456b970503416cb1d857173ff7a,qwen3_32b,qwen3:32b,task-humaneval_plus-053,minimal,0.2,3,20260407,budget_exhausted,pass_at_1,0.0,404433.9075650205,length,4096,163,true,4096,True,True,0,13336,db1dfadee72bd3f0241939e7a4f4b2591ff63643b175d9e2331e0d20c6b1844b
fea56882e58f5e765120307944d1085df1409adc9e48605aabcd93cfaed4c69a,qwen3_32b,qwen3:32b,task-humaneval_plus-008,professional,0.2,2,20260406,completed,pass_at_1,1.0,117245.59386901092,stop,1286,167,true,4096,False,False,292,4417,06f00157ecebf090b8dab99267844c5810214ef5ec53d00289dfdea799394fe1
21be75009c404aae050307fbf84e1161b8256b979387a02929e9b90ee641c59f,qwen3_32b,qwen3:32b,task-humaneval_plus-070,testing_oriented,0.0,2,20260406,completed,pass_at_1,1.0,271469.79862998705,stop,2841,257,true,4096,False,False,181,11535,022603fc8de97d5ed8b9e30344f18e1db1f4a93e60feeeb5d88be9a73ab4b8a3
c2cdbf43d3cc8e338bf8c7d1d37e0bcb45f2c339ef45f416feb0014c40fb9a0d,qwen3_32b,qwen3:32b,task-humaneval_plus-009,professional,0.2,4,20260408,completed,pass_at_1,1.0,259599.3945960072,stop,2706,331,true,4096,False,False,422,9675,efe06bbda408ca6a1710bb2a29f340a41b8279e590df1dce1e0f2f92fa856c3f
acd500f8775db97a81481e65b68eb275177f62c6723b1023d0046e350119c0c3,qwen3_32b,qwen3:32b,task-humaneval_plus-054,testing_oriented,0.0,2,20260406,completed,pass_at_1,1.0,273515.8295020228,stop,2871,179,true,4096,False,False,294,9708,883a24a419de367d1dd688dff1d3e9d5880a6d7074842ec07471bf192ba80b9e
0a09376c13e86c01efbab0a491be1b2ce40b15160cef2b221e8cc55a9fafeb98,qwen3_32b,qwen3:32b,task-humaneval_plus-090,testing_oriented,0.2,2,20260406,completed,pass_at_1,1.0,200884.26500099013,stop,2165,156,true,4096,False,False,323,6247,86c9b18427b2193ab9c5f16afb73a05a091a3a2e74a908538d3db3f11d8a98cc
a24f71fc9b3cbb9748deec4416248edf28b58cd3086a7947665e2b5ef46990d9,qwen3_32b,qwen3:32b,task-humaneval_plus-148,professional,0.2,4,20260408,completed,pass_at_1,1.0,92313.60586895607,stop,1022,199,true,4096,False,False,195,2987,07b53b17cf4c0a0d76f3528cf89901a8f6c4f69c268f6e99b3a39d9840bf724a
71f1d74951d8b2fb6fc04280973765a2d5f01c3007f2dfb9e5e2dd9dabb9499c,qwen3_32b,qwen3:32b,task-humaneval_plus-017,minimal,0.0,2,20260406,completed,pass_at_1,1.0,172126.51700997958,stop,1865,204,true,4096,False,False,182,6998,5bfbc94b7e6232af41fa15811d0e78e2d8dac2468fd2d27f03991087503398e8
9e31983c7f2a6d2b3b6c87857f724aade09ddb59970a7bcab3f5a4723f2c0170,qwen3_32b,qwen3:32b,task-humaneval_plus-107,explicit_reasoning,0.0,1,20260405,budget_exhausted,pass_at_1,0.0,403379.4010680285,length,4096,141,true,4096,True,True,0,12563,6454b800c53c666ad9f0cd2eaac9ba4a31eb9ffa614907a442e13bf532b25e34
0f1108ca83762a083d4fa4d5928857d159e6b2369676c3fa5e42463377630619,qwen3_32b,qwen3:32b,task-humaneval_plus-086,explicit_reasoning,0.2,4,20260408,completed,pass_at_1,1.0,37251.68249796843,stop,422,117,true,4096,False,False,110,1710,2514fb92784bcb7a0c9394b077b9541e3a10852463e81eb5472d2f2e8d4cafaa
64c126b780839642bb6c93b57480085728b3a40f07d8bbe567bdb937c9b01e5e,qwen3_32b,qwen3:32b,task-humaneval_plus-006,minimal,0.0,0,20260404,completed,pass_at_1,1.0,172651.99985797517,stop,1867,141,true,4096,False,False,157,5687,367c43e9bb1b23d70690d28228eae50bcedbbecae478450a82a5ae18fdca8e07
d9df052105dab6ecc9c250d25e87d53a8124b4fdd5ed61fc83e7782583946553,qwen3_32b,qwen3:32b,task-humaneval_plus-096,testing_oriented,0.2,0,20260404,completed,pass_at_1,1.0,160684.44148701383,stop,1739,173,true,4096,False,False,351,5755,a013a1fcb1f21bf1fbe5f082ceaa635afdc7403eaf10b110f435ae57e78d5161
d0875135052eb0e8f57ec196960c387cd810aa05d5c7bde0cda74797f5b48b5b,qwen3_32b,qwen3:32b,task-humaneval_plus-027,explicit_reasoning,0.2,3,20260407,completed,pass_at_1,1.0,70755.34656399395,stop,790,163,true,4096,False,False,162,2393,3b0751ee238749a6e4a2153777b8090ef9c200c09c919c16a3e6a4ee49c82029
46a70ed334a79dfface9966290822bb6b529635bcfa4adc23a538c21d8a4b58c,qwen3_32b,qwen3:32b,task-humaneval_plus-056,testing_oriented,0.0,4,20260408,completed,pass_at_1,1.0,187908.1704969867,stop,2012,261,true,4096,False,False,373,6927,e7235642ef2279fcf862d89cc2632c93240381cec811722957f97945a7a650af
0a96ac5349403a7a347a6ced8e064f968f80589083211212fdda93f9098af926,qwen3_32b,qwen3:32b,task-humaneval_plus-002,professional,0.2,0,20260404,completed,pass_at_1,1.0,250875.17829798162,stop,2650,167,true,4096,False,False,429,9560,5c2f9d881da8185c380f04921ee7d343b1536556fd2576748c7abce4750052bd
49c85fc15c950d6e2f0c2cc0fb5f156dc92dd4611bbf696e295e91e2f65cf0a3,qwen3_32b,qwen3:32b,task-humaneval_plus-020,explicit_reasoning,0.2,0,20260404,completed,pass_at_1,1.0,114679.0945979883,stop,1246,385,true,4096,False,False,178,4128,12739f15d9e3ea914eaea0f72cc1607bd9b5b03ab57dc1afde104b93b4aec634
18baf3750f17310f19605288fd6fb9c5311c67d1d4640b320ba19fa0f22eafea,qwen3_32b,qwen3:32b,task-humaneval_plus-108,explicit_reasoning,0.2,1,20260405,completed,pass_at_1,1.0,72657.56119100843,stop,810,131,true,4096,False,False,283,3107,257f6f0a790a1a69c3497905be8f131221c57216ad405e91b71114ebde01a9ce
f8a0dc1f0208800b3b775678fdd05cdadc6f4227f21c696fa5b39f2238523b9b,qwen3_32b,qwen3:32b,task-humaneval_plus-124,professional,0.0,4,20260408,completed,pass_at_1,1.0,322564.6143220365,stop,3350,162,true,4096,False,False,347,12280,102a20b928b36608c5142d61858fdcf0466e9fe8cc5e5b7502e92c51dfdd8482
9e6ea78827249c0e72b62659e07fa0242f93f25b0bef2dbe002538b8b43eb3a7,qwen3_32b,qwen3:32b,task-humaneval_plus-033,explicit_reasoning,0.0,1,20260405,completed,pass_at_1,1.0,243421.72937100986,stop,2555,314,true,4096,False,False,587,8553,81d9fd998b5508f05d73ff250f9725b4080b8f172a553ce925ce8106ee2dba77
5bfd40ad04391fdc4104aabe8874434c071d67cca26c215a5a67d63030d0c0cd,qwen3_32b,qwen3:32b,task-humaneval_plus-160,testing_oriented,0.0,4,20260408,completed,pass_at_1,1.0,198072.29961897247,stop,2113,223,true,4096,False,False,291,7860,f87b6f5e61c14b4969a80a8800569eb2c148a21e71686dc9213e06c51a8d2f15
6a6c22d31b044e1d01d365ad52add5e2672dd20cc8593451a9ee7dd7209a4aa5,qwen3_32b,qwen3:32b,task-humaneval_plus-160,minimal,0.0,0,20260404,completed,pass_at_1,1.0,282958.6551669636,stop,2951,215,true,4096,False,False,352,11599,2db8f786c7a377a746750c68535060e9c7c5b9cd2b3bc3052ce19c23ba13ea06
0db57ce7ff40a3935afae0c5c951a7c373a24232c1b4310ff365d345d0c42d8c,qwen3_32b,qwen3:32b,task-humaneval_plus-003,explicit_reasoning,0.0,4,20260408,budget_exhausted,pass_at_1,0.0,405524.7963530128,length,4096,202,true,4096,True,True,0,13590,2a34ba3d645fef75171de80eb7243ee79eacd17ef6a4b1b809870d1afc3aaf83
a1818d018d50e0add14eb8e1ad5ec57378da0978ea0a918ca6bff715a829efb4,qwen3_32b,qwen3:32b,task-humaneval_plus-144,explicit_reasoning,0.2,3,20260407,completed,pass_at_1,1.0,109502.8960579657,stop,1207,181,true,4096,False,False,178,4061,65c4f4fa0b7b2d5c7a2e89f6b7a4e4401fce7e20956f7ebcfe134dc06865f90f
54e0dad6f77f0d9a4c2d3864e08b71126ffef122ac890a6fb8c4754e6e291cc4,qwen3_32b,qwen3:32b,task-humaneval_plus-105,explicit_reasoning,0.2,4,20260408,completed,pass_at_1,1.0,43842.474105011206,stop,495,106,true,4096,False,False,172,1797,8dd7e591cbe528c5444c41f1db94d90fc6c20ce17bf1cd6cd9b4bb555ac361e3
1608928ba8dd7ff38ca02f68b3d62a7863377022c24345205fd13da422168ec8,qwen3_32b,qwen3:32b,task-humaneval_plus-088,professional,0.0,4,20260408,completed,pass_at_1,1.0,78053.25337999966,stop,861,171,true,4096,False,False,214,3105,5c31960c4658814ccb4dbfa007b35de187d96a63d41579349fbd41c300bfadc5
c4733b2f6860071ea3968db8e0af44ce9bdbcffd3fada7a0ba06d485f89b72ae,qwen3_32b,qwen3:32b,task-humaneval_plus-090,professional,0.0,2,20260406,budget_exhausted,pass_at_1,0.0,404203.4017620026,length,4096,158,true,4096,True,True,0,12058,98799e5869c584edbbe873cf19764874ed4290054219dac8fc3c5a977e2f7b54
0fa830167525acf1dff511f4ec4b37de0ea2f612b0df446765f6ebb7ce51009c,qwen3_32b,qwen3:32b,task-humaneval_plus-159,testing_oriented,0.0,3,20260407,completed,pass_at_1,1.0,288946.5728229843,stop,2980,377,true,4096,False,False,480,9253,5da99a4955eab5f35c195bccc4b4f8b47d6a4e3637077bed8f37346715be85eb
88d2e386ac460b4a67ceb5636949711cd9a8473a55cb0f501ef6799246266e9d,qwen3_32b,qwen3:32b,task-humaneval_plus-136,testing_oriented,0.0,4,20260408,completed,pass_at_1,1.0,127136.30911597284,stop,1393,207,true,4096,False,False,174,4387,877a009999451394f435d399403594fb63ce85320f6f6e22e17d525d3b08e769
bdd0635710dc05831fbe42c6853675962669c072899e9980a654daa5880902f3,qwen3_32b,qwen3:32b,task-humaneval_plus-049,minimal,0.0,3,20260407,completed,pass_at_1,1.0,266821.46328897215,stop,2793,256,true,4096,False,False,413,10053,9008791879188de46b43747a055ff09e028b4707eb230092715e57db12637cdd
21f2d9622a4815648bbda7f28e70409a634bc2718e493c29bccbb9518c8e3f97,qwen3_32b,qwen3:32b,task-humaneval_plus-010,professional,0.2,0,20260404,completed,pass_at_1,1.0,301879.688799032,stop,3136,178,true,4096,False,False,285,9991,247cf3d1285f17e837c16b34b6448d0ffabb52b639749ae4718a950dc1a29595
40397de2e138061970d3be336009d219aa4978321acf52cbfa0781d8d32df6fd,qwen3_32b,qwen3:32b,task-humaneval_plus-143,testing_oriented,0.0,0,20260404,completed,pass_at_1,1.0,67642.22622499801,stop,755,162,true,4096,False,False,257,2675,a79158312407de1fb9b179026e5a3458c256cd2a3241144bcacb973fe5d86582
fa1de81c60d19502b58aeb22f6107c8bc6293c56f987f0ec18e8a9ac99b7c7d3,qwen3_32b,qwen3:32b,task-humaneval_plus-050,testing_oriented,0.0,1,20260405,completed,pass_at_1,1.0,162670.932316978,stop,1756,221,true,4096,False,False,830,5052,1538037579192c10ae103a949fbe2ad33a090d9647e79d516fcbb8547b6aa5dc
f5e5a8114d7a95d1ae9bccd9b34f641f7df143102292994c412efb637090ca4e,qwen3_32b,qwen3:32b,task-humaneval_plus-098,explicit_reasoning,0.2,2,20260406,completed,pass_at_1,0.0,404279.4631010038,length,4096,159,true,4096,False,False,523,13426,cd9ee1354115244cdf77863f994ef66ac8ee58f8eba6cd2512881101c7d9b916
b513f36d328064301e58bd9152d8c3b91dc0edc3cccb450a526087d23fa1d55c,qwen3_32b,qwen3:32b,task-humaneval_plus-004,professional,0.0,2,20260406,completed,pass_at_1,1.0,113389.274760033,stop,1244,184,true,4096,False,False,74,4337,3f0c9ed9211dd4f93839c76b595adaa79001d71166b1f744727018992d5e6418
acc11672e05d9388f0c3e44a2439471b89c6954e27da7df3166929241a993730,qwen3_32b,qwen3:32b,task-humaneval_plus-015,explicit_reasoning,0.2,1,20260405,completed,pass_at_1,1.0,169918.47768699517,stop,1826,257,true,4096,False,False,228,6003,c55ed1a2715b293f8cb2620c9711db4441d82f02b60983186fe80a6fce942ef4
e53bc6901d5e5e826cad1d13eaf901bac712f1448709f9f4879d5a32d3be9d36,qwen3_32b,qwen3:32b,task-humaneval_plus-053,explicit_reasoning,0.2,0,20260404,budget_exhausted,pass_at_1,0.0,405852.0818409743,length,4096,181,true,4096,True,True,0,13265,485df58e0df5b32a48eb57631a85ba1cc69ed408003ec16dff2c8b69efff0340
713c2ca457e0149c9646c56b93736abb02642045611ab8a21acacc7058b2e1b2,qwen3_32b,qwen3:32b,task-humaneval_plus-155,minimal,0.2,2,20260406,completed,pass_at_1,1.0,219483.11545001343,stop,2341,166,true,4096,False,False,167,7651,0cd9241d8f4d468956826b5ecba9c09dcd5e596a221509da84f9d1642b601354
0bce94d18d9093c840218c1f1c6b7594cb480d8a7749aacef5190a9eaf062db7,qwen3_32b,qwen3:32b,task-humaneval_plus-027,professional,0.0,2,20260406,completed,pass_at_1,1.0,79767.16790901264,stop,888,155,true,4096,False,False,166,2692,40e0442acc3b52abfbf6127147db7600f98da8579d6e061f25fbbf73c829a578
4aef5105d3d493db9aeff1178312fe263ed9882a577c9aa1ad284c84957e6726,qwen3_32b,qwen3:32b,task-humaneval_plus-099,professional,0.0,1,20260405,completed,pass_at_1,1.0,83797.80392401153,stop,933,169,true,4096,False,False,221,3298,2386921ef410af80b13b00ec9d9d63eacb24495bb9f8be87bb72433e13ff6c1a
9840da9c45ce1d5e62d54aeb9d0ea69d0d89c5142ee20080e43c5a86f0ed370d,qwen3_32b,qwen3:32b,task-humaneval_plus-045,testing_oriented,0.0,3,20260407,completed,pass_at_1,1.0,190670.46087200288,stop,2042,127,true,4096,False,False,107,6233,cdc8857b746af72392f0c0ca1c92dbeed1c0a7b99ea9208c54298edf3b73fbea
aa14da26de9bea71d91271ba45d387d99f20057907dd22810e7a7149a00a5144,qwen3_32b,qwen3:32b,task-humaneval_plus-005,minimal,0.2,2,20260406,completed,pass_at_1,1.0,318797.165572003,stop,3308,158,true,4096,False,False,88,13192,68594239ca73e4a06886d924a92f9daa611fbc01cc05af03e588a90e083f0cb5
51ceb9777da50f465c4eafc2a85883aa8676b17dd5ff8e7fb0457d31894e0404,qwen3_32b,qwen3:32b,task-humaneval_plus-047,professional,0.2,2,20260406,completed,pass_at_1,1.0,72498.93074098509,stop,812,111,true,4096,False,False,281,2558,0a6b34c3ff406a8d406e08e26c59700dcb814ef9282f8a3bc77ad2265f10c994
53972c9b0af0c47735e35a5f0c741c06c7c2287a4a56c088f5540b5e4b479273,qwen3_32b,qwen3:32b,task-humaneval_plus-044,professional,0.2,0,20260404,completed,pass_at_1,1.0,241691.88117195154,stop,2549,193,true,4096,False,False,369,9524,b8dd08def8d077512a6b29c2b1766569d9e10391dbdcdfa38f8d75fbe5cf3e02
3576127e6a0027d69d23598ba6da6c125c7eb36fb8be7f793477eefdfee4cf38,qwen3_32b,qwen3:32b,task-humaneval_plus-103,explicit_reasoning,0.0,4,20260408,budget_exhausted,pass_at_1,0.0,421708.07386998786,length,4096,217,true,4096,True,True,0,16243,b7231b4eea9211c7388984f48e0713bad003c6e64d97b2f335439f5c78e30ac4
d69345bed8fafe56d0c93352160f7774699cce25a5f266a4153cff529dc7ef72,qwen3_32b,qwen3:32b,task-humaneval_plus-072,professional,0.2,1,20260405,completed,pass_at_1,0.0,146842.05368102994,stop,1556,138,true,4096,False,False,355,5924,783eeeb8f199de2a9d87244f0ed2a7e9446907e5edd3fa9cf2f884c11964982f
58c5b8f574792602d5d705385dd56ae4e339e5a2c77f4a44b5a2b3027b5e63df,qwen3_32b,qwen3:32b,task-humaneval_plus-112,minimal,0.0,1,20260405,completed,pass_at_1,1.0,129176.11165205017,stop,1355,164,true,4096,False,False,142,5049,045b64218e365aeb1e4de06df342342aa086cbaee59519f719bd5bf87633f2ef
e8797785a8facbc0124847d22fb0822ecff0244dfbfce7bb9dec4f664b9fb1b3,qwen3_32b,qwen3:32b,task-humaneval_plus-134,explicit_reasoning,0.2,1,20260405,completed,pass_at_1,0.0,407305.2336020046,stop,3977,183,true,4096,False,False,250,14063,86ff7796342d75e1aa876b7d733cd0ad0df0db8686d6e6547dbddbd82c21a524
711ed75c99ff3d8c0259a6d64059f239ba44ca97fa1a814fa7a8068b38f6fe1e,qwen3_32b,qwen3:32b,task-humaneval_plus-012,professional,0.0,0,20260404,completed,pass_at_1,1.0,236074.38040099805,stop,2415,180,true,4096,False,False,385,7790,42d0aca1d6813b6e3b7052dc5551c474507210b8de3189dd30b2188a3cf694d2
e7c3b41d249de9c88a3057d638ed2973ffba00006b5080a0162f533ff8affde3,qwen3_32b,qwen3:32b,task-humaneval_plus-107,minimal,0.0,4,20260408,budget_exhausted,pass_at_1,0.0,417237.13455401594,length,4096,123,true,4096,True,True,0,12561,3e5da6711d78d01c1d11f9bde2e32199186bdeaaaa797213dc51b8f8e5e8047e
a62dd5b8742d4f6c3471e6afaa4a0cad9d83e18b878e44c7848ecea2e2923993,qwen3_32b,qwen3:32b,task-humaneval_plus-054,minimal,0.2,1,20260405,completed,pass_at_1,1.0,179472.7478689747,stop,1880,171,true,4096,False,False,293,5773,e79cdb798c1c2d4f602ac6092840d9d6cef11e7f8162edbe64973ffac00d8b7e
30f78e4577eb9fcfbfe1cd72086d4c3088aa95d267b16f5ab7eb33da7e8d196e,qwen3_32b,qwen3:32b,task-humaneval_plus-052,professional,0.2,0,20260404,completed,pass_at_1,1.0,214290.67305702483,stop,2209,209,true,4096,False,False,400,7208,418c4b4dfbff8936ff27219998d92de6f6c41ba35c22c69b4a20315ef6a2b31e
5d918f283f5879cf323ebf8be0c83da285734f534b637b642674c8f292d83281,qwen3_32b,qwen3:32b,task-humaneval_plus-002,explicit_reasoning,0.2,0,20260404,completed,pass_at_1,1.0,122711.27539098961,stop,1309,175,true,4096,False,False,448,5303,c3b1f821f5d893194a99b15bb876adb3bb8980a3de25bf23522b74576c3dd5e1
9d42040f6749459f62f02f61ac84b5cac7bbb2d90edf664abbc5d9340d8eeba5,qwen3_32b,qwen3:32b,task-humaneval_plus-135,minimal,0.0,3,20260407,completed,pass_at_1,1.0,96880.86743594613,stop,1052,272,true,4096,False,False,76,4051,68b8e3c16e388021a7a14b6651f09042177344e6c9f81215c116f631a619164c
ff69c492897ad3d02080fd00f2a93360fda777d5dd9120e91389670de1bd40e6,qwen3_32b,qwen3:32b,task-humaneval_plus-124,explicit_reasoning,0.0,3,20260407,completed,pass_at_1,1.0,169818.65867896704,stop,1817,170,true,4096,False,False,347,5612,b13a04aeee5d267331ac2694e0baef89750eedc7d35171327984fddb8d6a4458
9592baba64488617a22fb9b1678b8679d2070a811570dd888948f50aaa902112,qwen3_32b,qwen3:32b,task-humaneval_plus-017,professional,0.0,2,20260406,completed,pass_at_1,1.0,176534.89383496344,stop,1859,214,true,4096,False,False,206,6759,64b2ee453707725147f1961efe6d4452b6be51a8ed0fa351266aa547e9d41384
a14235851a9bafb53d08a5288c753c940ea65d565e2ff48d46db479045486696,qwen3_32b,qwen3:32b,task-humaneval_plus-156,professional,0.2,0,20260404,completed,pass_at_1,0.0,284342.8461080184,stop,2959,159,true,4096,False,False,249,11740,3681324c6a3afbe27aa7189c755dc9025596f5c333210744db32431105afc2ef
50ed62ffe07a0ad62f1453ae162f4f311c40fc3fad3563ccc91689c448ce13da,qwen3_32b,qwen3:32b,task-humaneval_plus-093,professional,0.0,0,20260404,completed,pass_at_1,1.0,93783.24716200586,stop,1038,129,true,4096,False,False,66,4178,4a46f3440f3e36395aec09682a7c2435dc239c9ce6e13c54e79c28260f7568f1
26dcafbaaaaffa85df5477dbe7e5ac6a4a5f9fa460ab313944105647f4c724d8,qwen3_32b,qwen3:32b,task-humaneval_plus-140,professional,0.2,2,20260406,budget_exhausted,pass_at_1,0.0,409684.02480200166,length,4096,165,true,4096,True,True,0,14433,32bfaebcc6ffc6057e06d7324d5e8523373db93f51b9843edc2a2a5ba25fbfc1
3a78d0721a9cee3c6d91ae8bb43ec183fe11e34d676e6cd34e65692c9efd41af,qwen3_32b,qwen3:32b,task-humaneval_plus-025,explicit_reasoning,0.2,0,20260404,completed,pass_at_1,1.0,87163.41376700439,stop,951,162,true,4096,False,False,171,3691,0470aa0cdd0d4aee415c1c382d1d4de4b3e3a49fd7575eaa32ecdf445ebd4a2a
c33c976c2a02eef1063b9454d3cf2f90da60801cfc4cd6a02c5efe5b00c404fb,qwen3_32b,qwen3:32b,task-humaneval_plus-100,testing_oriented,0.0,0,20260404,budget_exhausted,pass_at_1,0.0,409520.9171930328,length,4096,209,true,4096,True,True,0,14229,dc21632e1aa3d18d01d91e18e80fc16aac13e9d487a57cdcc0d0beaf96c9f1f7
c562b1b63f3b15a804671b0b792bc9a7e5c26ca5551c67625aca0e0d14f322af,qwen3_32b,qwen3:32b,task-humaneval_plus-101,minimal,0.2,0,20260404,completed,pass_at_1,1.0,63875.8242019685,stop,705,193,true,4096,False,False,62,3090,b2eca83781d8d657ec26f92879cb83f3c1888d32093bd8982f1bb77cca509cdb
e69ec5e264209ecdf778a7bd54c81b524f8f61189402ba6f8fd584c1710c68f7,qwen3_32b,qwen3:32b,task-humaneval_plus-008,professional,0.2,0,20260404,completed,pass_at_1,1.0,142378.89744201675,stop,1534,167,true,4096,False,False,581,5121,c6a43a63df6ac60bcbd2efad875afdac2361fb5a5d512f2f2af76eba3c58c000
eb7426b9df319cd1b782441e2676876722dce82bfd84383f4e4b9da2d3035688,qwen3_32b,qwen3:32b,task-humaneval_plus-017,testing_oriented,0.2,1,20260405,completed,pass_at_1,1.0,102179.07237104373,stop,1114,212,true,4096,False,False,225,4366,2f2c97a0be852ce9a460e10765223a99c3dee786dcd37d6ed46629748176a617
8bb27645935e2b114bfa53ba4ea50b1da7410f432ce4b88950498dda230bf816,qwen3_32b,qwen3:32b,task-humaneval_plus-124,testing_oriented,0.2,3,20260407,completed,pass_at_1,1.0,204229.5294260257,stop,2158,160,true,4096,False,False,347,7231,f275a1eea46eeb545cf3db0c19aff6484fcb508691a4fac2484b5c9b55c19c91
9f251b1192b09e79e473351a8e663ccb2fc914175a7639e59a8c2a075f5159b3,qwen3_32b,qwen3:32b,task-humaneval_plus-075,testing_oriented,0.0,1,20260405,completed,pass_at_1,1.0,335377.91507301154,stop,3416,138,true,4096,False,False,594,12668,6f9521f6fe79869af4118606f4b60ab387a01db7c9a3081fe7c899ed0c242836
1105865ed866fb9fb9eeed026651fac40f023eb19b0339091fc52ff170210e47,qwen3_32b,qwen3:32b,task-humaneval_plus-110,explicit_reasoning,0.0,2,20260406,completed,pass_at_1,1.0,91795.25191301946,stop,1008,152,true,4096,False,False,258,3581,5dd19dcaa22c7f30f2e457725d8d12229f8f391f58c1a221fff96ab4d36c11e5
d7635b1f78dc72610121c7113b326e7d02ee30bc3151e67b21731d645a590e30,qwen3_32b,qwen3:32b,task-humaneval_plus-103,explicit_reasoning,0.0,1,20260405,budget_exhausted,pass_at_1,0.0,415151.5687889769,length,4096,217,true,4096,True,True,0,14220,64b091affa39465f4eae08a7c30fed3f69b63d270065f0534c7b90b86276453d
b300a32ffa11e76fd1dfd095f5688ed560347b218788adb1246a3c6593d37895,qwen3_32b,qwen3:32b,task-humaneval_plus-134,explicit_reasoning,0.0,4,20260408,budget_exhausted,pass_at_1,0.0,409928.23560297256,length,4096,183,true,4096,True,True,0,14699,e568052d184e60efd37198b251ee187285bded65d4495028deb1365e0b9d4879
fe8b7fc460aa1043d4ecc1d5b7c11a216aa7681facbd49d548d2637cf10f0536,qwen3_32b,qwen3:32b,task-humaneval_plus-088,minimal,0.0,0,20260404,completed,pass_at_1,1.0,75348.75769296195,stop,826,161,true,4096,False,False,214,2975,f5a2f129aa38cfa1201e39659de8924234ac1ae347d2f87d38bf0d5203530dc8
678e73c7c9cc081b2eeca50c3877e6afb7c1aa70091d15196d5f4c0b955ebef2,qwen3_32b,qwen3:32b,task-humaneval_plus-032,explicit_reasoning,0.0,3,20260407,completed,pass_at_1,1.0,220624.23076701816,stop,2288,309,true,4096,False,False,404,8224,edbcecef13d1c1a44f83253a932b91a5246e83fb3ab1f23a87e50706cce6282d
3be2a73ef45e53a6e301a1af3adc1468db3f109e44718d1a7411ca846325eb51,qwen3_32b,qwen3:32b,task-humaneval_plus-030,testing_oriented,0.0,1,20260405,budget_exhausted,pass_at_1,0.0,413999.63545799255,length,4096,339,true,4096,True,True,0,14127,cdb930e796d6e14f7399f1ed2ba1f0480ebc8ab58cb8e1b15b2ef860f5c75bab
582e44172953ec63234e954fb7ca3985211d4885821889c2d7892f46341c9b3d,qwen3_32b,qwen3:32b,task-humaneval_plus-055,professional,0.2,4,20260408,budget_exhausted,pass_at_1,0.0,413618.5158750159,length,4096,220,true,4096,True,True,0,11095,a13ae8f7bcc967cc92e9efa2a6dbafa52cf0b7f5656f93c9c4d577db02597713
dc63649a4df6ddc12984655b4d6dc7bec24d2c91687ec7002cd7f879b80e6519,qwen3_32b,qwen3:32b,task-humaneval_plus-036,minimal,0.0,0,20260404,completed,pass_at_1,1.0,199675.27890903875,stop,2140,114,true,4096,False,False,313,6341,6707ec755d520f9c00f44a176931e06ed8bb426ed21aecd026918a2872880eff
cdf8dfc06bd644c26606b73fa1e5834b69615424ca8fd723e1cfdb699eb400f3,qwen3_32b,qwen3:32b,task-humaneval_plus-054,testing_oriented,0.0,3,20260407,completed,pass_at_1,1.0,274549.89149497123,stop,2871,179,true,4096,False,False,294,9708,883a24a419de367d1dd688dff1d3e9d5880a6d7074842ec07471bf192ba80b9e
976ef440d563caab82149056f4ee8ddbdaf043a52596a0763cb560a6a172af5c,qwen3_32b,qwen3:32b,task-humaneval_plus-155,professional,0.0,1,20260405,completed,pass_at_1,1.0,346039.39243999775,stop,3538,176,true,4096,False,False,172,12786,d85fa2d90f5eb81ad8cc80b43e5689d0f60eca2b12c7ed539dd4bc095e7ac682
ee2b72143b0764fa087f0a8f76036f239db4d30f9b0630babbff389082cc5f5e,qwen3_32b,qwen3:32b,task-humaneval_plus-009,minimal,0.0,1,20260405,completed,pass_at_1,1.0,290782.366311003,stop,3010,321,true,4096,False,False,419,10477,e70ec919bf39e45289135e3deec82218aa354ff2544f5905c768a00ffe9d2fc5
f8dc5c041556eb32fad6897081b804e16e802805440b1925faaa4511e521d666,qwen3_32b,qwen3:32b,task-humaneval_plus-156,professional,0.0,3,20260407,budget_exhausted,pass_at_1,0.0,404908.7671150337,length,4096,159,true,4096,True,True,0,16838,ddb11085922c144b60587c794c6d1e7e008886d735b9a0daba80fd544543d133
40945608d0734f60e19dc4c47ed44ae123a2b6ca49b77f2e2765f9f958685137,qwen3_32b,qwen3:32b,task-humaneval_plus-028,explicit_reasoning,0.2,4,20260408,completed,pass_at_1,1.0,133246.55957595678,stop,1454,197,true,4096,False,False,148,4777,7fde8f2ad7ade316f9930795e64292f554bb2d23db5ca184a605b9622ed7501e
671b026414ec2becd45dac2ff9e87a7dc672f06e1519749dc9a2613848d3a163,qwen3_32b,qwen3:32b,task-humaneval_plus-027,testing_oriented,0.0,0,20260404,completed,pass_at_1,1.0,75592.52960199956,stop,843,153,true,4096,False,False,162,2549,c4b49c8c43103c90ecdc8e5376a91be70648399309c92fef8d9f4527d008a9a5
29b298d26a0496f75f0be63a3b30bd89c45368af417f6e655aef68e68f917e1a,qwen3_32b,qwen3:32b,task-humaneval_plus-036,testing_oriented,0.0,0,20260404,completed,pass_at_1,1.0,165366.33213300956,stop,1793,122,true,4096,False,False,283,5627,e1b7f35daa200780c78c921c72017510dd2c57682e6ff84b4b3d86f4a3ee79ad
4920c40c0e6ac34ee8a54de9bd95995faf7b3d2a5c65c242c9df2177d9be7e86,qwen3_32b,qwen3:32b,task-humaneval_plus-066,explicit_reasoning,0.0,3,20260407,completed,pass_at_1,1.0,296533.69230398675,stop,3080,169,true,4096,False,False,130,11420,b6b7e635b0b767e86310fa55e66eeb52bd61554fbf7b14d4559008d9e4e59f1e
d337513199ccc994030d7cf1221120e19a5b2804d4395ee9218ce2131f7a5662,qwen3_32b,qwen3:32b,task-humaneval_plus-003,minimal,0.0,3,20260407,budget_exhausted,pass_at_1,0.0,406839.8953699507,length,4096,184,true,4096,True,True,0,14840,a1593c61b2e9ae210cfb9eebe7dec2baaf4f7cfcaf47443de0099413252b552c
ab72b0cfefe2dd868cefe4eea51d3f313e6ccd414e77dbb330c0b9420dcaf675,qwen3_32b,qwen3:32b,task-humaneval_plus-040,explicit_reasoning,0.2,4,20260408,completed,pass_at_1,0.0,157300.49550603144,stop,1693,221,true,4096,False,False,93,6726,b90f93bd13a38b2a13b28ba06f77859b682e57b5187c9b3e731152f4edbed1c4
205a364998afefba2862531d2932a6f7820bc992640e9c21aa64ef608100f67b,qwen3_32b,qwen3:32b,task-humaneval_plus-152,explicit_reasoning,0.2,0,20260404,completed,pass_at_1,1.0,186026.72911901027,stop,1986,263,true,4096,False,False,194,7288,9de05f82651bec2f5069df6bf359513fb438ebf695bc1b9548b52b846de3dd0e
0383c6d959922c9ce0494d8109dac85ce64e085f98f882d30413a72f069c37e1,qwen3_32b,qwen3:32b,task-humaneval_plus-127,professional,0.2,2,20260406,completed,pass_at_1,1.0,270490.307132015,stop,2837,138,true,4096,False,False,163,10545,b1e014900165df6787217ab078b17a029ecb8f6d807039bfa3be8891f9e7cb4c
77e930e14c0a4ac82e8153193dc6f2db7308c3e55a851fed88b684b4a0613232,qwen3_32b,qwen3:32b,task-humaneval_plus-140,explicit_reasoning,0.0,0,20260404,completed,pass_at_1,1.0,227602.57393703796,stop,2410,173,true,4096,False,False,247,8263,bb8340ad6de8e56f197409db6b95f3148c47a232d25e8228089ece3afd71463d
7ba1f9940b21e57c5ef03ba350127af89a3fc5586d3eb886f28ce06b54b332c4,qwen3_32b,qwen3:32b,task-humaneval_plus-137,testing_oriented,0.0,1,20260405,completed,pass_at_1,1.0,164773.78789399518,stop,1773,243,true,4096,False,False,823,5374,c01238c3a053c070b129ce39b7c4ee1b6632185bbe1e2ff91bb1a414674ca298
913ed27f40996398550bb55d47c7c8727ad69d754a5a53e99e8449a84e5febbd,qwen3_32b,qwen3:32b,task-humaneval_plus-155,explicit_reasoning,0.0,4,20260408,completed,pass_at_1,1.0,124257.1436939761,stop,1362,184,true,4096,False,False,167,4862,beec7177596ec102610cbd1e53fbc6f18d998083456c2741facbabbbd851dfb4
264bbe84c8347c5c7b5d42f4d07a320d99bd7d17e7d19c351c82217751d4842b,qwen3_32b,qwen3:32b,task-humaneval_plus-054,minimal,0.0,1,20260405,completed,pass_at_1,1.0,185267.56660098908,stop,1987,171,true,4096,False,False,272,6059,348c6cf3f543c7f85732c6e08da1f67f72aad5b9b13adfd4120b18f73af4332d
17f193cb75980b2bf539c15a65c643093ff4d0a8acd69a166802b672c40e65e3,qwen3_32b,qwen3:32b,task-humaneval_plus-131,explicit_reasoning,0.2,4,20260408,completed,pass_at_1,1.0,171321.27854396822,stop,1845,225,true,4096,False,False,196,6690,b08e9a72b803d676369cfb808b9297bb33bab0d5299f567628e07e60808b9527
88d0b988eda998ab45bb99b088b0349d0ddb027a07dd855357a112379a4664c0,qwen3_32b,qwen3:32b,task-humaneval_plus-156,minimal,0.2,2,20260406,budget_exhausted,pass_at_1,0.0,405982.6351800002,length,4096,149,true,4096,True,True,0,17233,0898f33c45e9c55bc1609fbc91e90c308225df930f9df814cd744b589434890e
cb87b4b40d7506340b1f74bc7c5ba475a238965678120769d77fdc57b69f23fa,qwen3_32b,qwen3:32b,task-humaneval_plus-066,testing_oriented,0.0,1,20260405,completed,pass_at_1,1.0,142073.6741690198,stop,1548,159,true,4096,False,False,477,5418,06173feb7ede111f2e6ede318d3a6a2b36618128abcf24718667654e7b61212c
86692b4214b662807f1a46be37bcd0d9aa8124171a2937078ce343b607869c35,qwen3_32b,qwen3:32b,task-humaneval_plus-063,testing_oriented,0.2,3,20260407,completed,pass_at_1,1.0,350612.70613898523,stop,3580,179,true,4096,False,False,177,12417,c92910ede60d721532029d34da9cdffdac6c39287d5488842dc50066d4bf237e
ad696643d5eb81ea4b41a434e742f55c8aea6f7c8387ef1a5471c5b979232234,qwen3_32b,qwen3:32b,task-humaneval_plus-162,explicit_reasoning,0.0,0,20260404,completed,pass_at_1,1.0,81018.41731701279,stop,895,173,true,4096,False,False,389,2361,77b7e6fbba76a4c328eff97c8b667e0158c10bf1e05a99546ddfac7eee55771c
afaaa7699f776c67d9b829be3d24bce969b110cabbe7556e8c00ece4e50edfbd,qwen3_32b,qwen3:32b,task-humaneval_plus-107,minimal,0.0,1,20260405,budget_exhausted,pass_at_1,0.0,405724.1207360057,length,4096,123,true,4096,True,True,0,12561,3e5da6711d78d01c1d11f9bde2e32199186bdeaaaa797213dc51b8f8e5e8047e
c35ffde9c53f10cdc8d5f218e2052aecc474c0720c7a51529f57c2c7bcf7099f,qwen3_32b,qwen3:32b,task-humaneval_plus-090,testing_oriented,0.2,0,20260404,completed,pass_at_1,1.0,193799.30705501465,stop,2088,156,true,4096,False,False,570,5636,b860f8a99ab1dbc98d716a6f7eb3e66f431b7573c72a9525ccbd6f2b0376385a
7dd183c44edd3d7434c273f40ffa6291d89bb6c7518a2f46a626913e3442979e,qwen3_32b,qwen3:32b,task-humaneval_plus-156,testing_oriented,0.2,0,20260404,completed,pass_at_1,0.0,398410.757863021,stop,4039,157,true,4096,False,False,243,16569,77c464876db7362171e0e3de73d10c06b35bda6d94e66a3b8c3208279719b40b
1020e94c88a48cfc50976ca283260ba5914960b72955762b3755e1da857e66e2,qwen3_32b,qwen3:32b,task-humaneval_plus-127,testing_oriented,0.0,1,20260405,budget_exhausted,pass_at_1,0.0,405949.9096070067,length,4096,136,true,4096,True,True,0,14847,31855b366233acd4dd40fcf84183f0b80dc73207cf5b7d6b173879815eceb9c8
dd950893922af74ae0519f1cb0c188bfac437f11976787ec282032eeb5addbf5,qwen3_32b,qwen3:32b,task-humaneval_plus-106,testing_oriented,0.0,1,20260405,budget_exhausted,pass_at_1,0.0,407243.9393620007,length,4096,222,true,4096,True,True,0,12135,54d3fc2d9eefc552ee32b01b108b684352bd4ef75e7e6a159eee37602d06007c
12f405c857acfaf1b19e8b82471bb881fa45e01ec91b3883bf90071fcf3784b2,qwen3_32b,qwen3:32b,task-humaneval_plus-014,explicit_reasoning,0.2,1,20260405,completed,pass_at_1,1.0,201544.93972094497,stop,2165,142,true,4096,False,False,327,7236,e8c604e4c7347378c60c6aaab140035b7cfdcc618220a78f1d0b73e5f335bc75
4d5d94dd2313a24d4c0b2d5afba6b4b62c2db4aff420ba36854626564f3c6312,qwen3_32b,qwen3:32b,task-humaneval_plus-009,explicit_reasoning,0.2,4,20260408,completed,pass_at_1,1.0,186913.01380295772,stop,1990,339,true,4096,False,False,408,6643,881cbb206da6ce9900e858dc6bd9a3e5476ff5ecd080551e68f6f3d5485b2007
a6bef190016a10708953a6436cc523ba56f9b12c818dfa754660e1f61052f9f2,qwen3_32b,qwen3:32b,task-humaneval_plus-095,professional,0.0,4,20260408,completed,pass_at_1,1.0,369172.7072689682,stop,3760,136,true,4096,False,False,168,10142,96ed40d48fe0e186ed8fb2be8c3321ef3555c9c13bbd544a75606cd086603db7
42a8bd820caa720b9dbe8b997ba1b216acb8e1755b5e9f529c732f5dc4e723b6,qwen3_32b,qwen3:32b,task-humaneval_plus-143,minimal,0.2,1,20260405,completed,pass_at_1,1.0,56731.42754402943,stop,635,154,true,4096,False,False,243,2242,03f653cc1132f181300c6d047be2ace3c1374476b3b42bf3b3a6a6ce29e6ed25
3231ecfbfcf6b7c01e0da1c5374093673b63d4abc5812827fb63d88d4199e467,qwen3_32b,qwen3:32b,task-humaneval_plus-082,testing_oriented,0.0,3,20260407,budget_exhausted,pass_at_1,0.0,403057.3266230058,length,4096,103,true,4096,True,True,0,12804,abb107c9c4167b535666d58973fe60aab29049b9c2f40607ad790ee886650e04
95c2cb6b5a6e3aa9fbf8ccd91cb94afbb409a8a491045a18e9595f32f759222c,qwen3_32b,qwen3:32b,task-humaneval_plus-077,testing_oriented,0.2,1,20260405,completed,pass_at_1,1.0,57940.15870697331,stop,643,135,true,4096,False,False,90,2486,efce86fd7b78d64bb918a4ff3b746ef53e788855c342843f729a79ff258d79b5
3bd7cbfc6b7a8ec3c8e40c851569f1c4a3242f46d96bba98ac04ff5351e33f66,qwen3_32b,qwen3:32b,task-humaneval_plus-081,professional,0.0,1,20260405,completed,pass_at_1,1.0,34062.47640401125,stop,385,95,true,4096,False,False,167,1433,87520b59355040a111b0659f77287a3167dada5a01c79cbfdd1537b9fb23ca8e
5dcb0316f2f1842a789462fb6f5f7d6e81c91f6577e6684e11e6e80b71280ced,qwen3_32b,qwen3:32b,task-humaneval_plus-143,testing_oriented,0.2,1,20260405,completed,pass_at_1,1.0,61400.52045497578,stop,684,162,true,4096,False,False,227,2406,9acb0a25000c97bdb333a7410ba37143ddf1fdec7ec9e640d30aa6eb3f8be546
ced3f2e953bd324f9e45a941bfeda67a98fc13ec70b690e0fd30edd04946e23d,qwen3_32b,qwen3:32b,task-humaneval_plus-148,testing_oriented,0.2,0,20260404,completed,pass_at_1,1.0,100682.95198999112,stop,1104,197,true,4096,False,False,101,3359,1fc024935891e6aa0bb9326d816bf5b0fbc9801356a2f49c17839ca970c164f1
31649dbf0a48e3f01c60a337b8dda8fc3f791e351727120af622bbbb083e77d3,qwen3_32b,qwen3:32b,task-humaneval_plus-065,minimal,0.0,2,20260406,completed,pass_at_1,1.0,402997.05685302615,stop,4095,150,true,4096,False,False,491,12588,7cf00e7a78889db7e730f3bc50f173d89fd28c58bcbe7ec8fe24ee08973c34ee
9a883378b72f3888d79100d6a9082e28c5ad6d2c757e33035efbd4ee3528ed01,qwen3_32b,qwen3:32b,task-humaneval_plus-011,minimal,0.2,1,20260405,completed,pass_at_1,1.0,112723.77174498979,stop,1237,256,true,4096,False,False,250,3712,3d159cab117b9d30ba2e6afeea367957dd714b62c0023a16026e814b9cbb8676
11567b55d0bd503d5371cd86f0224f2b218df9b9fa72f893cf0980de87b79088,qwen3_32b,qwen3:32b,task-humaneval_plus-160,professional,0.0,1,20260405,completed,pass_at_1,1.0,199644.23809497384,stop,2130,225,true,4096,False,False,274,8012,6b32d8822dc59c7723e4ea220d63f97fe654e4835bdcf0605c1b111bd3e185de
e25851f0fb926bb66a32602508c5dd291c2b622bd999abe73094842c7d66ad96,qwen3_32b,qwen3:32b,task-humaneval_plus-070,testing_oriented,0.0,4,20260408,completed,pass_at_1,1.0,273829.4796940172,stop,2841,257,true,4096,False,False,181,11535,022603fc8de97d5ed8b9e30344f18e1db1f4a93e60feeeb5d88be9a73ab4b8a3
ca4a2eec1e71e36a96af29142abe9d263af1f4c167c37901759aaf6e88a6145e,qwen3_32b,qwen3:32b,task-humaneval_plus-099,minimal,0.2,2,20260406,completed,pass_at_1,1.0,68633.56506201671,stop,763,159,true,4096,False,False,221,2700,608b463e203f9f9e15eaed106515a8c8a0eaa22c4f838580899d3debfe6f7cb3
1af51d3c0135f622515d0251295e1139565a83c3e3945398db93b219e5ba2f9a,qwen3_32b,qwen3:32b,task-humaneval_plus-032,professional,0.2,4,20260408,budget_exhausted,pass_at_1,0.0,407634.48848295957,length,4096,301,true,4096,True,True,0,16343,e00356a608901ce99aea857f2e92acfb4e0cd14321ac7e9b027c18b12d75550b
b96acbb303e3cc851472ce43efda74db468f2891b514fbd7080a8214049dea87,qwen3_32b,qwen3:32b,task-humaneval_plus-102,professional,0.0,3,20260407,completed,pass_at_1,1.0,60538.088062021416,stop,670,165,true,4096,False,False,253,2260,8f00997a3a28012503dab0cff39b2ac9ce10c9beaab265d886ce07ebfb8dac68
d754af99b10f6810c13367b17f8eee0c361d23300405a2ab4e6c8155043abe3d,qwen3_32b,qwen3:32b,task-humaneval_plus-083,minimal,0.2,4,20260408,completed,pass_at_1,1.0,251558.03656799253,stop,2649,170,true,4096,False,False,663,8010,76ad9e9c7cff1b5652e46b42922202ee17e62284ea432e531d0af2c00d1cf72f
f64712ba574c039841718a27a6bc2cc5eb43c519541a04a32116c759f0394d69,qwen3_32b,qwen3:32b,task-humaneval_plus-123,testing_oriented,0.2,0,20260404,completed,pass_at_1,1.0,77995.45641901204,stop,872,139,true,4096,False,False,262,3506,c817d12d9810860adbc5e0ee30594dbcea5e42059f3601c6f01c0546d767f777
cbf8d83223b64bb8a213f8d81237970d1e94f66bb8283ef10748cbae2da09c62,qwen3_32b,qwen3:32b,task-humaneval_plus-035,professional,0.0,4,20260408,budget_exhausted,pass_at_1,0.0,411476.6022800468,length,4096,448,true,4096,True,True,0,13696,52e7b92007c59a3dfdd198553fe3dd04251bc7ce9f6462283255ce708a15139e
565e1f2acb876dbf832bc72ef6fd00780cab14a06787db3393dec24a494902c6,qwen3_32b,qwen3:32b,task-humaneval_plus-151,explicit_reasoning,0.2,3,20260407,completed,pass_at_1,1.0,208598.00450596958,stop,2200,319,true,4096,False,False,261,6997,01e9bba043b57bf7c1690099f49e7eae85d50599f6c2f9667f2b0a262b6b5961
977e0e9f2a3e8340848a3d6eaf5d8c0a9285726f6905fa5cabdfb5e08612ce1c,qwen3_32b,qwen3:32b,task-humaneval_plus-068,testing_oriented,0.2,3,20260407,completed,pass_at_1,1.0,87066.18849199731,stop,952,340,true,4096,False,False,167,3050,503b17b699baa9494bed6728050b1d82debfccceb8e64e80e70bf96871597fd9
b05205e4098585dd6740a47ffa266624f751e839f8601c67d33761074f4fdb99,qwen3_32b,qwen3:32b,task-humaneval_plus-152,testing_oriented,0.0,0,20260404,completed,pass_at_1,1.0,142119.80895500164,stop,1532,253,true,4096,False,False,227,5675,8c26e7130d65f6684f9e1480c1e4cf5e13338f9f5317ae7191e5c8df41256c86
e4824ce2592384cb0f767a77327191ed170ba251b068206b074d8c650f5349d2,qwen3_32b,qwen3:32b,task-humaneval_plus-143,explicit_reasoning,0.2,1,20260405,completed,pass_at_1,1.0,75086.89106005477,stop,831,172,true,4096,False,False,257,2885,cd2583e318281faa8b2edf084fad513b99653dbfc3a6ba7896556c5050f0b6ec
0bb833411cdc3a072c0f60761ddadb199ece4b14c3d383ee7421175755a5d8fc,qwen3_32b,qwen3:32b,task-humaneval_plus-104,professional,0.0,3,20260407,completed,pass_at_1,1.0,124384.05907299602,stop,1370,149,true,4096,False,False,241,4402,d079c338b4c12ffff8706d1a66d7e842be31e9a3a921306a82fcfd222dc2868a
19047fa52d14c66daf0bf3abf8bd60067f9d4036ed2e251746b0ecf3f054dcdc,qwen3_32b,qwen3:32b,task-humaneval_plus-021,explicit_reasoning,0.2,4,20260408,budget_exhausted,pass_at_1,0.0,406740.3155560023,length,4096,230,true,4096,True,True,0,13665,1e771969de2a5ca13053e0e88416c0cd751a6abf0d8e54b27a5874fb4f4f7e16
95b40731e30dd298a4380b185152f88542462ba9144bdbbc41378aa91628a40a,qwen3_32b,qwen3:32b,task-humaneval_plus-147,minimal,0.2,0,20260404,budget_exhausted,pass_at_1,0.0,404401.63487102836,length,4096,86,true,4096,True,True,0,11623,3a7f343ebe8bb333944c79c91ee162fb0e9533a6a6b1c11a9f4b11b29e1570d4
e460b1fdff1e385965ab378c61b8e1c89b9e31e77844d278dcbd05eb6cf6d36b,qwen3_32b,qwen3:32b,task-humaneval_plus-112,professional,0.0,3,20260407,completed,pass_at_1,1.0,153519.81680002064,stop,1660,174,true,4096,False,False,213,5648,c2ac45a7d55e9854c9dc753b9b56ff6813d1055a175be10e06c50da2c081802d
c576c305159fc0886d7298b3201a5c652ed46e3067032ffbdd811f9d7ae3636a,qwen3_32b,qwen3:32b,task-humaneval_plus-033,professional,0.2,4,20260408,completed,pass_at_1,1.0,364756.9330059923,stop,3703,306,true,4096,False,False,595,11856,50657d2d5a15ac79d3ed1b62c7943f55b29e4afda003668945cbb783c97b26c8
1c134bcbc3cdad49eb4d0e785273612e02e0658ce6beccbb46f0123799ed99f4,qwen3_32b,qwen3:32b,task-humaneval_plus-033,explicit_reasoning,0.0,3,20260407,completed,pass_at_1,1.0,243261.3050789805,stop,2555,314,true,4096,False,False,587,8553,81d9fd998b5508f05d73ff250f9725b4080b8f172a553ce925ce8106ee2dba77
b3b801a8320552f7c99033272006193c79698b07235748c42bbe3dc664911739,qwen3_32b,qwen3:32b,task-humaneval_plus-039,professional,0.0,1,20260405,budget_exhausted,pass_at_1,0.0,404950.8083179826,length,4096,186,true,4096,True,True,0,17843,6838c587144bfbbec9af41ac2c06098a17f28d649e14d699b72cb2e7f569e98f
bfd0a521891dacf872096a9c13d47206f1ceea13c98d59d3767bf232fa09d318,qwen3_32b,qwen3:32b,task-humaneval_plus-093,professional,0.0,3,20260407,completed,pass_at_1,1.0,201100.84601701237,stop,2162,129,true,4096,False,False,60,8821,c9773d3a8ee41b1134fe8cef41d53d9333b45485642ce8a8834c64666a04d437
a7ae82b66539632dcd7258bbfc4535c4f4db5fd74d04d6ecc6f4dc808f581893,qwen3_32b,qwen3:32b,task-humaneval_plus-060,professional,0.0,2,20260406,completed,pass_at_1,1.0,262998.5812130035,stop,2771,192,true,4096,False,False,135,10824,18e7d8b0dfc0bd7643cd6213c9346fea5132b08bfa13ec2f3172b2c27096dc3e
ac3f3ce2f3913cdb455f861d022eb95fcbae120e8b3d2a504844826cdea1e626,qwen3_32b,qwen3:32b,task-humaneval_plus-013,minimal,0.2,3,20260407,budget_exhausted,pass_at_1,0.0,408421.18381301407,length,4096,341,true,4096,True,True,0,13488,b9d2351cc1271318d5f95ac6758751d1a749c0e69a1e730f076f9e6d501d5a61
e57bcf21ef34ec43b050cece8f348255866a6b95ebd7cf34f20370e0bc522950,qwen3_32b,qwen3:32b,task-humaneval_plus-039,testing_oriented,0.2,2,20260406,budget_exhausted,pass_at_1,0.0,406571.2480189977,length,4096,184,true,4096,True,True,0,17734,4b493392356f41090c44c96de1da4a8603b26b3b0de5168e03450d12a5957dfa
772c1b0509303e6ea06004d7a635b709983fe2fa07ab2713503f7d1ac5a73279,qwen3_32b,qwen3:32b,task-humaneval_plus-155,professional,0.0,3,20260407,completed,pass_at_1,1.0,345194.1056950018,stop,3538,176,true,4096,False,False,172,12786,d85fa2d90f5eb81ad8cc80b43e5689d0f60eca2b12c7ed539dd4bc095e7ac682
1444af5836272998c9d8495202b806554d8cd7cd2040fbb06abf10a7ac7bca61,qwen3_32b,qwen3:32b,task-humaneval_plus-082,professional,0.2,3,20260407,completed,pass_at_1,0.0,290978.4271500539,stop,3046,105,true,4096,False,False,170,9808,c38d1d5fa03104d147f45ce100a569f73b9397c6630536d8ba0b1e319b82daec
12fdd91504a79d050ab5684bbd39b9a20f565a4163f02434c4e688ca91dbe120,qwen3_32b,qwen3:32b,task-humaneval_plus-094,professional,0.2,4,20260408,completed,pass_at_1,1.0,62377.78400600655,stop,700,139,true,4096,False,False,214,2576,6603e4b59d1956fdcfc2c19de458e1daaa211321680d66488883b2679ad06cca
630b8da91cba8d0352074c3a9b17753a5598fb1f37f25e643085fc4e7f1ed4d7,qwen3_32b,qwen3:32b,task-humaneval_plus-147,testing_oriented,0.0,1,20260405,budget_exhausted,pass_at_1,0.0,403798.38087398093,length,4096,94,true,4096,True,True,0,11146,39a6a1de1fa4716d56bfd9391dc7e6c93cb9e05d50a52ac5ae3ce3aa3f13e7e4
4b3a1ba961618f259f8818cdade6a74fac365362a06f7d54e302baa9f07be714,qwen3_32b,qwen3:32b,task-humaneval_plus-032,testing_oriented,0.2,0,20260404,budget_exhausted,pass_at_1,0.0,409424.08437799895,length,4096,299,true,4096,True,True,0,16634,6c87d87c306fa6601f3e2bf88637bd3db14add6853d83f831e1e8b862f80272d
2a5553f6bd01e65f8ffe71bb6b90d25dc64bbc2641cb56dddaca80856a2dfadc,qwen3_32b,qwen3:32b,task-humaneval_plus-106,explicit_reasoning,0.2,0,20260404,budget_exhausted,pass_at_1,0.0,406421.7399979825,length,4096,232,true,4096,True,True,0,11870,3399155b11efaadab8aec962c69b6d118b9fa9e72df0357a7e57bd52e641bb75
4fc86b14fd18a82daf61e43de8edd1bce7d92c0fd818fd6ad180a6796928d79d,qwen3_32b,qwen3:32b,task-humaneval_plus-106,testing_oriented,0.0,2,20260406,budget_exhausted,pass_at_1,0.0,405521.42906101653,length,4096,222,true,4096,True,True,0,12470,96d4fa8f3f187e7e95e8c422ff655fb23fb1869ece9c849ba36e08451dc2ef04
0b44e88d83506a4d572815f7b6e3c5fb1af5df74234fe0ae6886f6e98abefefd,qwen3_32b,qwen3:32b,task-humaneval_plus-151,testing_oriented,0.2,2,20260406,completed,pass_at_1,1.0,237891.9792699744,stop,2489,309,true,4096,False,False,191,8148,960ec5a43c1de3e1a1ac051a40e78f79d4e42003765e8bd936a1273e0e1f3501
420fcafb7cacb04eed494c65358a66818e2e60d18af2d48f79144fdce7992da8,qwen3_32b,qwen3:32b,task-humaneval_plus-159,testing_oriented,0.0,0,20260404,budget_exhausted,pass_at_1,0.0,409700.57411899325,length,4096,377,true,4096,True,True,0,11548,e4e0c6b4456dd2b7d1141065d391a521db2e3864f5a9f27d27a73f5a3b602b9d
25615f22c94423878359a7007e0ac9d0ddcf98aca44a35e694f44af3389f3ad4,qwen3_32b,qwen3:32b,task-humaneval_plus-062,testing_oriented,0.2,1,20260405,completed,pass_at_1,1.0,184259.49338200735,stop,1969,327,true,4096,False,False,465,7176,acbb09c3c45526d9f73f6ed519e72e805aeb687e620bd79a4c23d7ebe7b12b9c
a1306544e1c16c4b27568d31eeff53ad63dcfcdea32dfbdc1d69cbed179e24e1,qwen3_32b,qwen3:32b,task-humaneval_plus-076,explicit_reasoning,0.0,3,20260407,completed,pass_at_1,1.0,101741.31523899268,stop,1129,165,true,4096,False,False,421,3971,d6c55d27869707357b9cffcffbc2900005d0bd12aa2ca6f739945c14b5775f28
3da156e83c97dbb0d58e18405188849ebf6bcf28554e7a3ef240bd9971e44a4f,qwen3_32b,qwen3:32b,task-humaneval_plus-141,explicit_reasoning,0.0,1,20260405,completed,pass_at_1,1.0,76878.22856003186,stop,845,375,true,4096,False,False,171,2581,d657bcb28879fc1ac1ad9a29647dcbe1253d5f33f0dccfbb01dc33df97f2b4fd
8ce4a962cea366f10eb9611f14ee10b0a5061bccc82072d4d30ccbcfaa041561,qwen3_32b,qwen3:32b,task-humaneval_plus-011,professional,0.2,3,20260407,completed,pass_at_1,1.0,83859.01211900637,stop,924,266,true,4096,False,False,301,2912,00c298e17415c042f12a0334051611ff647637f46dc8360930fa35f984e3cf2a
62ec8b0478d0f4b7bfa8afb9870075ff22878310f7a81d3f526dd568e55764e8,qwen3_32b,qwen3:32b,task-humaneval_plus-021,minimal,0.0,4,20260408,budget_exhausted,pass_at_1,0.0,406493.68163896725,length,4096,212,true,4096,True,True,0,15781,2b717efccc6361f1457702b8d15916e8fb4aadbaff930af13ef5458f88238d11
52a0e6764a383296ff46a0f53cb4ee0d0c2f4f619fc9dba473df6b6b49d3b491,qwen3_32b,qwen3:32b,task-humaneval_plus-160,testing_oriented,0.2,1,20260405,completed,pass_at_1,1.0,213893.61546299187,stop,2276,223,true,4096,False,False,300,8651,170966600fbbfb2f50351f1cdc96d479f030c3a0b97eb053fc94aa5919c956bf
79b334917168f485cb093454a1c05f54d1e077d26f90fb99d945ee75b81e8666,qwen3_32b,qwen3:32b,task-humaneval_plus-083,testing_oriented,0.2,0,20260404,completed,pass_at_1,1.0,219483.66281297058,stop,2340,178,true,4096,False,False,276,7563,30de3364a7563c9394e0d8c79c364bcb9bfe00e805e693590177c44717412c92
a29f5233d3eabd32395890c20907d911e5eaeac6da19843a8f751a7e39f88dbe,qwen3_32b,qwen3:32b,task-humaneval_plus-027,professional,0.0,4,20260408,completed,pass_at_1,1.0,79744.98665402643,stop,888,155,true,4096,False,False,166,2692,40e0442acc3b52abfbf6127147db7600f98da8579d6e061f25fbbf73c829a578
6e69dd1a866773914f7dd563f270248574bae39e0a9f56842469e7ba30000d54,qwen3_32b,qwen3:32b,task-humaneval_plus-078,minimal,0.2,4,20260408,completed,pass_at_1,1.0,365195.3057660139,stop,3716,208,true,4096,False,False,514,11704,6967ae3e82a0f58ff97ee0e0736b885399d2612b90e79b8ee87ee137582c6938
fa88959ea07a903b25efa31527ee9c290033c445e12a63c633e67882af34ce0c,qwen3_32b,qwen3:32b,task-humaneval_plus-129,professional,0.2,0,20260404,completed,pass_at_1,0.0,194466.44241700415,stop,2067,278,true,4096,False,False,145,8333,176d04d88f1ada7f6fe29822fc83cdc30f88d0223481175afc6ff2e0a1655bac
567839f965484c8c636a2877e89a5863dd243416fb59064a83ec386fcfa43e0d,qwen3_32b,qwen3:32b,task-humaneval_plus-104,testing_oriented,0.2,4,20260408,completed,pass_at_1,1.0,141352.824157977,stop,1534,147,true,4096,False,False,258,5097,9a538425341a332b06dac5a922df32f37078c041fe0d0b5e31719dc057c15bb4
c38d30189142029c6923f3a2852fbd3873e0f1744ef851462ff2cf7ff2bfeebb,qwen3_32b,qwen3:32b,task-humaneval_plus-133,professional,0.0,0,20260404,completed,pass_at_1,1.0,234137.53606000682,stop,2481,176,true,4096,False,False,414,8244,2ac81275b6a1cd4f7101d1a3426048ade9df2c806203bf46bc02be2e9668580f
0080a3d3ddff532c2d6a1033fe27a1a879f2d51e55ce29d5073f1b6066013a9f,qwen3_32b,qwen3:32b,task-humaneval_plus-032,minimal,0.2,4,20260408,completed,pass_at_1,1.0,238745.4494429985,stop,2496,291,true,4096,False,False,344,8889,bf6719583ae9417b015ced328467b64da494f600375de59c9bf04a6df0a039a9
2504eea35e993797507446f6f21a8724cff73eae04dadd13955881797d7e3c2a,qwen3_32b,qwen3:32b,task-humaneval_plus-112,minimal,0.2,1,20260405,completed,pass_at_1,1.0,145441.20281696087,stop,1584,164,true,4096,False,False,140,5622,137e1aa32c58ec5a1ef99b09348b39fd8f058306e6064266f79ac6e29ed8b04f
76a88a2dc792cd4758b55f1785a93793de8b179acc8d89b3fe31e7ddcbdb01ba,qwen3_32b,qwen3:32b,task-humaneval_plus-092,professional,0.2,2,20260406,completed,pass_at_1,1.0,256606.04852199322,stop,2696,202,true,4096,False,False,284,9238,eaca8b649b10df566ec5fd2385827ad424a2b6ca2a29f718445d7ee02384011f
ebe8697e065ab66105ee7ef5d9965e4e095c50f135599b9cd25f502ee7d0503f,qwen3_32b,qwen3:32b,task-humaneval_plus-161,explicit_reasoning,0.2,3,20260407,budget_exhausted,pass_at_1,0.0,406721.2887209607,length,4096,215,true,4096,True,True,0,14102,8985a5ffc753b7fba93c36d7930972b1d5b3aa136fc2aa3bb8892eea8ba32083
492da4d072dbcb159e904a29b664d7f788245c7fdd2c50d39e7ffcaba62dd7d5,qwen3_32b,qwen3:32b,task-humaneval_plus-065,professional,0.2,0,20260404,completed,pass_at_1,1.0,263523.7797970185,stop,2771,160,true,4096,False,False,455,7400,673d68d8a16ea89973df2eaffb8bf63fa03bd3e8d2f7f1a1c9d7a537633708a8
8b7b44db8fc7e2c61d69846f2f894a489f9899930a66828561fb53012d2ab3df,qwen3_32b,qwen3:32b,task-humaneval_plus-105,explicit_reasoning,0.2,2,20260406,completed,pass_at_1,1.0,36923.24042698601,stop,420,106,true,4096,False,False,172,1372,432d617c5d2e7291b124018be0f7d3c48d1592ce650eed4428ab168cbb6eb810
895521570ce8554816ad70d9a5a56dcdd3b96f2a33b6c9818dba1089d69c79ab,qwen3_32b,qwen3:32b,task-humaneval_plus-142,professional,0.2,1,20260405,completed,pass_at_1,1.0,134628.29877896002,stop,1474,199,true,4096,False,False,110,5515,a9284d0fd49c506d907a01d1885481fc3255362cdad4499ff09e6984d534b7e9
05e7effea5577c119d917a619a56930cf8a32e213310437efeca8bcd7b40216c,qwen3_32b,qwen3:32b,task-humaneval_plus-111,professional,0.2,3,20260407,completed,pass_at_1,0.0,174365.8298450173,stop,1885,143,true,4096,False,False,209,5685,aa5c0a3f710593d786eb919e5f1b7233869b4f8410ca331f9b77bca8b26986e6
112dfed7207e02b9a203ed45998ea68e625bd0158ca05da8b859279cf40a2b25,qwen3_32b,qwen3:32b,task-humaneval_plus-073,testing_oriented,0.2,0,20260404,completed,pass_at_1,1.0,225001.03135500103,stop,2389,156,true,4096,False,False,223,7883,2ef6fdb32d1a5f17a69dcb6597f4f14ee8a0aa54a89084c11c0fb624cca22c52
0facdd4d9ee3ffc7a7a38b3966637d573b215a5998ee8e61a8fecf2e9038d980,qwen3_32b,qwen3:32b,task-humaneval_plus-081,minimal,0.2,3,20260407,completed,pass_at_1,1.0,58024.12501402432,stop,653,85,true,4096,False,False,215,2732,365a9f2d3c6d04d12835ae140d32478f0b69889de455aa809f6ee8114a8bae5e
629509bbc805dfdc55eeab1a06e6322cc36b12168e358bcd6a410a1e02ea9462,qwen3_32b,qwen3:32b,task-humaneval_plus-080,explicit_reasoning,0.2,3,20260407,completed,pass_at_1,1.0,194116.34670000058,stop,2075,152,true,4096,False,False,177,8189,00354dc99cbc7f4eeec315e0f5d0117fe106a2b104d79d7ee017ae0814a9e7d7
2dd72fa8e0ccf488ae83062dc65c5781099dc81d512fa142a5064ecca42fbadc,qwen3_32b,qwen3:32b,task-humaneval_plus-154,professional,0.0,0,20260404,completed,pass_at_1,1.0,98909.95908802142,stop,1094,152,true,4096,False,False,479,3532,d1b61c2d651b90007a4ff1215dc41026bea42a0fe64bcc5daa48247af6b07ae1
1feeaab305a42d47c26f39e670744cbae4f823f8504646d713ff4fbc5781557a,qwen3_32b,qwen3:32b,task-humaneval_plus-014,testing_oriented,0.2,3,20260407,completed,pass_at_1,1.0,130568.57350299833,stop,1434,132,true,4096,False,False,258,5405,003fbd8ff2c3f3e2f164ce73467a8c7e5cbdcf5496a47472fb1bf8fe2aa04357
e0a24c0b66cc499b9568e09df53ae6f94bdc4c9c88928d586637d29efa312884,qwen3_32b,qwen3:32b,task-humaneval_plus-072,explicit_reasoning,0.0,2,20260406,completed,pass_at_1,0.0,228738.2732949918,stop,2442,146,true,4096,False,False,355,9802,1edd7677a56d29939d22170b235af2a0b3d2e38a3244d680f0fc683e75ab7d71
0b835b23c4731ebc7b2ec87aed18ea62d01bf05f29a73b6126a82129f3b9ed35,qwen3_32b,qwen3:32b,task-humaneval_plus-028,minimal,0.2,2,20260406,completed,pass_at_1,1.0,97779.72804900492,stop,1081,179,true,4096,False,False,90,3590,26fed299506513ad4cc67b80a0f070a02fee1ee163b2bca7f6608b3560ec02fc
8e0009b5436d9c10b6bc0faa73a653e04b3c4be7e38d40d7172cee131a1e9ff8,qwen3_32b,qwen3:32b,task-humaneval_plus-120,minimal,0.0,3,20260407,budget_exhausted,pass_at_1,0.0,403664.9318540003,length,4096,111,true,4096,True,True,0,13262,85d3a3937026cb2909b66569245d1f5e5a2e51ec63c998d37391486ac503eb18
129a8aba262a04e477f09a92a255b07637369987956bbb1fc10720571b2de516,qwen3_32b,qwen3:32b,task-humaneval_plus-139,explicit_reasoning,0.0,1,20260405,budget_exhausted,pass_at_1,0.0,405774.2328129825,length,4096,202,true,4096,True,True,0,13622,b12314a4ff20c8674b833412225ac14ee483d8913a09e1c44472e6b1c8927469
7082d07d2da72bee34f3372226562eb18e3344532e581ad9f032ff7db80627e8,qwen3_32b,qwen3:32b,task-humaneval_plus-086,professional,0.0,0,20260404,completed,pass_at_1,1.0,36736.08049203176,stop,415,109,true,4096,False,False,254,1542,0b94319c1b16dc3f1315fcf0b5c5440aa4941f0f4ba462c45d107ace4f290e72
8c4c2036e34ece03eb87a158d0a1b5c58f65bf69e072b639b8ea8285136f31d9,qwen3_32b,qwen3:32b,task-humaneval_plus-117,explicit_reasoning,0.0,4,20260408,completed,pass_at_1,1.0,98589.6138449898,stop,1091,152,true,4096,False,False,270,4198,2447cddd660bafa509c4075344f5e4604e722fcb2ec48c965c5cfb58c5cb5899
e013a56c39fc21a099dbd9717084224088108c2a6d5bc3052e4cc345bdfbd4f3,qwen3_32b,qwen3:32b,task-humaneval_plus-062,professional,0.2,1,20260405,completed,pass_at_1,1.0,205601.14052402787,stop,2182,329,true,4096,False,False,438,8169,a7e28c5f0ef10b836d04681386b69e1a38a4b612b2a08ed2e323a66c18d7328a
64949b151563e6775e4202cdfb9fe6cf52d9d6dd5ba2cd4ac006d7e82caf578c,qwen3_32b,qwen3:32b,task-humaneval_plus-098,professional,0.0,0,20260404,completed,pass_at_1,1.0,402452.4677559966,stop,4073,151,true,4096,False,False,782,13482,decd2551d51554ff171b2a7c471a7a4cb9977be23d7917f30110556a632d6655
59fb7bd89b681318b60526a9ee8d832d65f7ad972619d11dff675fa21bd85d9c,qwen3_32b,qwen3:32b,task-humaneval_plus-104,minimal,0.0,0,20260404,completed,pass_at_1,1.0,212404.05251301127,stop,2272,139,true,4096,False,False,264,7554,ebab41c53db051b102fb28dd95d1992ab789102533d9e1e9b45f993201a1f669
13629110cbb9935a4ef29309bfe119d5af797572f483f917a43a5d91c0fdca8c,qwen3_32b,qwen3:32b,task-humaneval_plus-126,professional,0.2,4,20260408,completed,pass_at_1,1.0,281248.4693719889,stop,2946,178,true,4096,False,False,285,10247,b09392ea4fe4090f6f64a641d50690caa360008897e6db865183721f4b1f8d7b
c18049fb698ce7e319583a7ebb4a942f095e4ba01480642870881f952dabd3b6,qwen3_32b,qwen3:32b,task-humaneval_plus-150,explicit_reasoning,0.2,1,20260405,budget_exhausted,pass_at_1,0.0,411041.30448703654,length,4096,191,true,4096,True,True,0,15352,fbfb6969efa904be028a0f838ce7aadb49f4aeb64d706592f3fb915eb53a84b7
02836d5d302e4ec4fb8a7d6aa58ad197c94af429fc103e041705ea889674de4e,qwen3_32b,qwen3:32b,task-humaneval_plus-097,professional,0.2,0,20260404,completed,pass_at_1,1.0,326965.2799880132,stop,3294,210,true,4096,False,False,780,9952,40889ca8906667d6e8a3e6a35b50a0b19662058423429684a218975972222ee2
f38ac496aa310f7fb3d4d61bcdb3a0bb1c17cafd2e98e4e1c610b5309a2c569d,qwen3_32b,qwen3:32b,task-humaneval_plus-136,professional,0.0,1,20260405,completed,pass_at_1,1.0,131833.9990680106,stop,1431,209,true,4096,False,False,175,4348,ccaf712bd921682d1da15e4576b0f118cf2be30024ecda02fb7a232b582d613d
2ffb0dd2f45105f334249195ecea9c27a8107c633bf70fd682b6c4299b307b73,qwen3_32b,qwen3:32b,task-humaneval_plus-060,testing_oriented,0.0,1,20260405,completed,pass_at_1,1.0,249921.24380904716,stop,2558,190,true,4096,False,False,205,9260,93b1ca69dd85996ac7e6117fe7deec2ba55117cb2e051a870cabd50bf1932853
a266f73ce2f5aa9e1e0ecd3d7710550e29fc1951d81dff33cfd53f115b8da42a,qwen3_32b,qwen3:32b,task-humaneval_plus-044,testing_oriented,0.2,2,20260406,completed,pass_at_1,1.0,282052.2711609956,stop,2863,191,true,4096,False,False,345,10505,fe793bf473c2c312e3a5eafeda55032658cb556ef6caa648d6eb74fd8cd16477
7c570bfecb1c1b87f073095413758083d24ea2810f820d366a3c7e76688020a2,qwen3_32b,qwen3:32b,task-humaneval_plus-083,testing_oriented,0.0,0,20260404,completed,pass_at_1,1.0,289841.4657309768,stop,2949,178,true,4096,False,False,318,9839,8464fc4a5dd903ff912466314316774e78a5d83f36ab935d6cddcfcd9919af41
790928ff38974ecb39b8688b4cd6f3d577be65390a80ca2c098d5de0cd7090dc,qwen3_32b,qwen3:32b,task-humaneval_plus-048,testing_oriented,0.2,0,20260404,completed,pass_at_1,0.0,288765.24263597094,stop,2914,156,true,4096,False,False,142,12034,ef34accc9ce3034b2e44da118de26ebb953bd7f3738412c17dfc5008dfcb6d5c
ebe785d96d9a3bb387d9111a2cc3f5356891c0d9f209e25fe11e354aa1cbac2d,qwen3_32b,qwen3:32b,task-humaneval_plus-068,explicit_reasoning,0.2,1,20260405,completed,pass_at_1,1.0,106543.08150103316,stop,1143,350,true,4096,False,False,173,3511,d21371e3de378b0c378ecf0632ce0619cdac80335e315a1b1101a1794f64ad65
568df35b39470974779131a8f79a487465c0af559fd429ee0bedfab77a8c3c78,qwen3_32b,qwen3:32b,task-humaneval_plus-086,explicit_reasoning,0.0,1,20260405,completed,pass_at_1,1.0,43283.274593006354,stop,481,117,true,4096,False,False,253,1769,df5c46522d48db2fc0434f49c9a444be8db3637255aad23278509e613505cf7e
9d0be52343c4df6b46a57ff6e0bc4b2683c9cff398d96b00a8a3f75f64a635e0,qwen3_32b,qwen3:32b,task-humaneval_plus-028,professional,0.2,0,20260404,completed,pass_at_1,1.0,132938.5472019785,stop,1427,189,true,4096,False,False,146,4654,393e2628dfd0e1bb93038642bbe009917f61e3b5ad9525f91afee5953cbbabfa
f94fb737e9745ce5ac3e44c21b7aa7518d05d2b6ccc452d9e2bf7d269b69e535,qwen3_32b,qwen3:32b,task-humaneval_plus-113,explicit_reasoning,0.0,2,20260406,completed,pass_at_1,1.0,66389.38133302145,stop,732,144,true,4096,False,False,316,2526,70413eadc62c246f3dfc895209adfbfd126d3c12a3eb61de27a988b3f370ce99
33179ad7a32ef7be879ece2507a9971c306b585a1f47a1088e3973279839fa5f,qwen3_32b,qwen3:32b,task-humaneval_plus-097,testing_oriented,0.0,1,20260405,completed,pass_at_1,0.0,269847.47375000734,stop,2769,208,true,4096,False,False,471,10402,8cbe8f72ae2dad9048655073a4dd01f7ec55e09e2dbe870d5a0f26350558a2f0
c539aaf562dd978808e2a2be90d4f0514387dff79b46b2b146afd924acc62e42,qwen3_32b,qwen3:32b,task-humaneval_plus-082,testing_oriented,0.2,0,20260404,completed,pass_at_1,1.0,273824.5869060047,stop,2763,103,true,4096,False,False,151,8869,3340086b7fd1aa6359b0891f0c83b3d8b26eedc133118e44c31a39bfb958e5e9
6638844e211e4de3a72937d58ff6cabda93d57784026a6d7cd7269661dfb6df9,qwen3_32b,qwen3:32b,task-humaneval_plus-086,professional,0.2,0,20260404,completed,pass_at_1,1.0,31580.131444032304,stop,347,109,true,4096,False,False,254,1292,f56b25a8083e22928f652dd505305d67b998f1d2da4c63e6ea9a7a74a2dc1273
eaa430975ca952ccab7121d876594886b4012578e8d7bacb0bbbb7a699e7fd35,qwen3_32b,qwen3:32b,task-humaneval_plus-109,minimal,0.0,0,20260404,completed,pass_at_1,1.0,155366.30596301984,stop,1606,158,true,4096,False,False,259,4727,14b3e82c29e0716296c9ce56503d2267856f2d0c2f0756f990559c62ea270681
f8afd4dba02e6bac238d3e06730ac5fbf62bae4b860edf7632e63cc584b8caad,qwen3_32b,qwen3:32b,task-humaneval_plus-079,professional,0.2,1,20260405,completed,pass_at_1,1.0,99012.45906099211,stop,1038,177,true,4096,False,False,216,3983,ca0d590764e212f0bf23bc027499f5e4454e63833758f04839ec27e6ce9f697a
e91e672e6dd2dbb479b415099fb764bebf4df3e091bf1f79202dc7cb53338fa2,qwen3_32b,qwen3:32b,task-humaneval_plus-095,testing_oriented,0.2,4,20260408,completed,pass_at_1,1.0,310336.8335010018,stop,3032,134,true,4096,False,False,178,9303,475c19b5c4d77776a069eda2d03a0396b9590d8614c456a82ed7a4912039b827
b9241ff03fd6fb4cc9350cd20a334d1d82cef8bf8b1e9430d8ebfb6eba3bed2b,qwen3_32b,qwen3:32b,task-humaneval_plus-075,minimal,0.2,3,20260407,completed,pass_at_1,1.0,222198.2437170227,stop,2241,130,true,4096,False,False,311,8264,cb5d6d5261460bcce96d36cc4d7f615324308f763b1d71e837743ed9ede0826e
3274023195354bd73e2e38f52a711fc1703bc7d22616f90435b8784e2c613ef0,qwen3_32b,qwen3:32b,task-humaneval_plus-042,minimal,0.2,1,20260405,completed,pass_at_1,1.0,123760.82116703037,stop,1272,145,true,4096,False,False,155,4269,6938a02572a4e1be6040941c7b6da997580403a6160113c0294b97193ba7e417
ac10b670a3e1a6f6d6855ee5759cbadbf0fb71ef9d0962ab090a525e71af5934,qwen3_32b,qwen3:32b,task-humaneval_plus-127,professional,0.2,1,20260405,budget_exhausted,pass_at_1,0.0,434008.7999509997,length,4096,138,true,4096,True,True,0,15078,519626a3a1f7a04ca12e53f234221caf0168deb192231c82d0d9162f8e761384
60f788c3cb03ce0f5cf6ed8cc5a6db271ebf7225065b586803c2823e30b38544,qwen3_32b,qwen3:32b,task-humaneval_plus-104,testing_oriented,0.0,2,20260406,completed,pass_at_1,1.0,317532.1270929999,stop,3134,147,true,4096,False,False,482,9529,194a52abd429c44271ea4fce16e58381703e6d91cf2a7bec15058fbe96b16a8f
6e1f7eadc9971ac79c7b546c667740b744f237dfde141801120c8e0ce11ecfb5,qwen3_32b,qwen3:32b,task-humaneval_plus-056,explicit_reasoning,0.0,3,20260407,completed,pass_at_1,1.0,173092.30912401108,stop,1760,271,true,4096,False,False,357,6158,5cc95390df4e4dd49df295a90b6243556fb46d08249e048abc630f0446054ea6
f398fc360069fec78af22008b9fec45c3b7759d6e0b0ee18d92624aa70585cb6,qwen3_32b,qwen3:32b,task-humaneval_plus-014,explicit_reasoning,0.0,1,20260405,completed,pass_at_1,1.0,402944.3653449998,stop,3787,142,true,4096,False,False,334,13178,c14b0244761a535fe632ec1f8ccf6b2c2ae7d07b54ef87328429aee6c097172d
f395518347ab062d9f9003e33417b3481c70129a26c512e993549c6d16f80397,qwen3_32b,qwen3:32b,task-humaneval_plus-045,minimal,0.2,0,20260404,completed,pass_at_1,1.0,136586.09608799452,stop,1410,119,true,4096,False,False,75,4476,25d00b4e755e6983be5ea0a1235e4add256067cf3e19a5ff13cf0d9c2ccf7d3c
8517d6dfa4078e1faf5891f0417e972e9bcfac1c58ad08835c786213b8a60418,qwen3_32b,qwen3:32b,task-humaneval_plus-083,testing_oriented,0.2,4,20260408,completed,pass_at_1,1.0,223828.21609603707,stop,2260,178,true,4096,False,False,228,7372,3d040d22aab9991ef1b1ee6996158669d7fe5f2efed523406041ac5813591132
f8eadf9d70abee9c233b1b1886c7560b0c183e75a204af165459ec1bf4e8b4ba,qwen3_32b,qwen3:32b,task-humaneval_plus-022,testing_oriented,0.2,3,20260407,completed,pass_at_1,1.0,198844.3836949882,stop,2110,231,true,4096,False,False,388,7100,83ca6e2b9cf839dd6f9df7d5582a97a6d184bde342ad3f9e8226f6e51b6a363a
13dd3d38bb0778dfe1933ba704e7da2faffcde8e2d7d1dfc0f3870a25e62e683,qwen3_32b,qwen3:32b,task-humaneval_plus-078,explicit_reasoning,0.2,3,20260407,completed,pass_at_1,1.0,319407.3960899841,stop,3284,226,true,4096,False,False,485,11485,4edb9391a927b0ad9557f3c4cd2de3a4204c743ba6cc1075b9095d5f53b673e0
5af7269d7c46f80f0caf0cefa183c985dab0a1cd2aad2b04a817e6bb5fb9c261,qwen3_32b,qwen3:32b,task-humaneval_plus-048,testing_oriented,0.2,1,20260405,completed,pass_at_1,0.0,142016.11215400044,stop,1513,156,true,4096,False,False,142,6508,ab3d15c78b56dbc22fccb6c9044250e3fc566fa7cfc5d9e7ea147ab2fc40fca1
a47162e7c66455ef1afbead0d8a83dabe823138c726d711d7faddd5ca566c76c,qwen3_32b,qwen3:32b,task-humaneval_plus-098,professional,0.2,3,20260407,budget_exhausted,pass_at_1,0.0,424623.17709904164,length,4096,151,true,4096,True,True,0,14390,ad343fb4b553cd78c17818bf749e304f977c9b61b60086f40241e4aa22329ec2
a63a0dbd71cee627da03ca7fa29a782f405aebb9667edd59d6b90f8dd9132a09,qwen3_32b,qwen3:32b,task-humaneval_plus-064,professional,0.0,3,20260407,completed,pass_at_1,1.0,121866.12401902676,stop,1259,120,true,4096,False,False,245,4463,9ff1b3a460257ddded607f23142fc2ef971680d9dc5eb798e65785f74593565b
1a7183c7f6a502ead64dc5b5fe2d6c0a8a5a6995f6bafe5ab030e3653264fea8,qwen3_32b,qwen3:32b,task-humaneval_plus-144,explicit_reasoning,0.0,0,20260404,completed,pass_at_1,1.0,153004.83423494734,stop,1573,181,true,4096,False,False,179,5097,600317bc77513df66c611b3ab6bd5af85cb693c016abfd10af1260e6a3801081
952366f2e2d43d6e0a919141ad832e1315f72eb832d46a042dfc087bbaf9671c,qwen3_32b,qwen3:32b,task-humaneval_plus-043,testing_oriented,0.2,1,20260405,completed,pass_at_1,1.0,187677.35097301193,stop,1944,188,true,4096,False,False,289,6987,5fe1d409c5c383154e93543e8e4ff6796f9d1f515d3b15c60695bc14a8deee00
72e2eb8ff17fe560381c167d34e70e9039d68dd79522053305a270dd3336a5ae,qwen3_32b,qwen3:32b,task-humaneval_plus-071,minimal,0.0,0,20260404,completed,pass_at_1,1.0,173463.76179199433,stop,1812,153,true,4096,False,False,166,7000,c1e2349c66bffe029b7b5c2d89bdf9d522b45bc381e96dabb9cf8f4bd0b53f11
7f07344cff06e69e486e9e9d6e262145619d27dc429ea6bffd912ae27115c493,qwen3_32b,qwen3:32b,task-humaneval_plus-126,testing_oriented,0.2,3,20260407,completed,pass_at_1,1.0,179121.29597901367,stop,1893,176,true,4096,False,False,279,6140,338a04587bc076664584e4232f307cca9351b832c6ccf1cbcbacb92b8ea0405c
cdf8122b03858df3a4648644fe2aba93510ad23201831259bc3a8efb118d1706,qwen3_32b,qwen3:32b,task-humaneval_plus-143,testing_oriented,0.2,0,20260404,completed,pass_at_1,1.0,301470.7283860189,stop,2984,162,true,4096,False,False,243,12154,73d4480f7f198f9a795c3bbad202ea6381a2578cbef9b55b9c70b17cdf51ef56
800e9957fd27eb0ee3aa10d8726c58bd1ba85f1f6104dd224b9c8650bb821054,qwen3_32b,qwen3:32b,task-humaneval_plus-119,testing_oriented,0.2,3,20260407,completed,pass_at_1,1.0,89891.2226909888,stop,966,173,true,4096,False,False,82,3366,9423feefafefb64af7fca534d4f6ccfd464d3904bcc07668632e7dd5d9472985
a64470b0bbae69b5aa7350ef5f901d7afc47ce0e98c94d4a65c5ffbcc6345ef1,qwen3_32b,qwen3:32b,task-humaneval_plus-034,professional,0.0,4,20260408,completed,pass_at_1,1.0,140473.2180259889,stop,1443,174,true,4096,False,False,306,4775,470cfc439c2743fc2f5e927678da77b5b5763802007af3020834cc5513535858
5106dfd3c68d75815c8d74c9c712e15eb8939c3edd9d4385a587185920e96d43,qwen3_32b,qwen3:32b,task-humaneval_plus-074,minimal,0.0,4,20260408,completed,pass_at_1,1.0,158330.1140620024,stop,1650,214,true,4096,False,False,648,5375,ea1ef71c57b7282770f813fbadfb56ae04ebfc2123283d856f635962a8facc85
ec647bf47d366f3c4624ea4b33a8dd57a790513facfebc7878d1cc7c0aaeea19,qwen3_32b,qwen3:32b,task-humaneval_plus-009,testing_oriented,0.0,3,20260407,completed,pass_at_1,1.0,173944.2118779989,stop,1744,329,true,4096,False,False,303,6283,3ce8d7af230419c0d9f2f457256181e677f31343d256f172eaa51287a6f8025d
5079d04736b11eb29212f0add843fb2b46dcd91a4420390513e36c27e87fcc9d,qwen3_32b,qwen3:32b,task-humaneval_plus-132,minimal,0.2,3,20260407,completed,pass_at_1,1.0,77131.65033201221,stop,838,135,true,4096,False,False,393,3214,ccb970ca321b4299661a3debcb4aaec3caa4258202e74cdae0f6005a85f5abc4
23f41d494a6a41eabcc828f46e0b030760eccbd5796b463a784ee7a0dd203f5b,qwen3_32b,qwen3:32b,task-humaneval_plus-150,minimal,0.2,2,20260406,budget_exhausted,pass_at_1,0.0,424431.8636149983,length,4096,173,true,4096,True,True,0,14383,e798b492f55fa92aab57a52731f50d0ea24dd1a1b974a7ae0f065872546c23f3
6f6d01ad74608f18da27d395849f47659f0cb79848add4324c3508f921939183,qwen3_32b,qwen3:32b,task-humaneval_plus-085,explicit_reasoning,0.2,1,20260405,completed,pass_at_1,1.0,182823.58001096873,stop,1874,108,true,4096,False,False,126,8410,15a35fabf307ac1be41f373356534bd93719b2044aa91b9c2956b4fb47d0f4d9
1f793ac2d8d574b9b0902048fe95d44ea94d7a3c7d32ab57ff5ccef99168df5a,qwen3_32b,qwen3:32b,task-humaneval_plus-028,explicit_reasoning,0.0,0,20260404,completed,pass_at_1,1.0,158973.72951201396,stop,1592,197,true,4096,False,False,146,5031,88db220090d2da0bcdcf7bf1e2329b0282e92fd32fc8207044197d946eb3b74f
d5a3ed41f226f8cc2a73238a24394edba1a98897564cd95205a74c18112fc299,qwen3_32b,qwen3:32b,task-humaneval_plus-009,professional,0.2,1,20260405,completed,pass_at_1,1.0,221269.94983904297,stop,2215,331,true,4096,False,False,422,7332,d3754138d3ab214c8c73b47eb9e251c27ba849a10f4908bf0d8fb6bc991eda72
1de9058ec024a10a6a012f20198813c857d3e25aca8e1df31c8b55a34281643c,qwen3_32b,qwen3:32b,task-humaneval_plus-013,explicit_reasoning,0.2,1,20260405,completed,pass_at_1,1.0,396331.9591470063,stop,3721,359,true,4096,False,False,305,12534,2b696452fcaa9cbdde143f6471d7b9b97f272bc29bec192895484cabfeb9191e
1dcc50a10f5a25979a3662695ad53d6cf50d317ec66ede9deb807f6960fca09c,qwen3_32b,qwen3:32b,task-humaneval_plus-016,explicit_reasoning,0.2,1,20260405,completed,pass_at_1,1.0,173061.88496598043,stop,1743,211,true,4096,False,False,287,6861,ec559ab74f9a8ee160dcf777ef44f6b49eefc18000382ebd2c4b5d1c7f9cfff8
1427a322dcc2af5575299a56c87b6dc4aaa0da92ec7324b8f9761c00158b6c7e,qwen3_32b,qwen3:32b,task-humaneval_plus-047,testing_oriented,0.0,2,20260406,completed,pass_at_1,1.0,62946.25256198924,stop,649,109,true,4096,False,False,281,2139,4ae9f7f68c51742da5797f77ef704b8b00da87fe03b99633321a8a36315817c2
c2c04173741feae4049417cd7d6429ee2a8057de556e76b7db32beb2b54b7f07,qwen3_32b,qwen3:32b,task-humaneval_plus-055,minimal,0.0,4,20260408,budget_exhausted,pass_at_1,0.0,422889.38727701316,length,4096,210,true,4096,True,True,0,10964,35fbb4734c9e346bdf183be0bb0b00d0425d8bb59dd718743100924693a9ed42
d7ece558d10a38ad05f2d3c7af823de1e87d98d06ebb031306bc279c8c11a89b,qwen3_32b,qwen3:32b,task-humaneval_plus-139,testing_oriented,0.2,3,20260407,budget_exhausted,pass_at_1,0.0,423185.94844499603,length,4096,192,true,4096,True,True,0,13388,2587fa9d9b944fdeee63a49cde88e869aa462636f691a712ac31f98408478403
49278a8ae624605112a99d6b1b6853f09e72d7becc2be52fb320c3b2b73ced23,qwen3_32b,qwen3:32b,task-humaneval_plus-015,explicit_reasoning,0.0,2,20260406,completed,pass_at_1,1.0,123994.35346096288,stop,1286,257,true,4096,False,False,208,4023,2837eb69b5cb5fc3627078cd8540de503a7ad0b65162cfe7602032c4bfecfdbf
a94a3e408660a4222b4c2a282a15116d6d9d6c0f87aad073e83d6881da4571b1,qwen3_32b,qwen3:32b,task-humaneval_plus-121,professional,0.2,1,20260405,completed,pass_at_1,1.0,149481.46563500632,stop,1520,164,true,4096,False,False,516,5542,0844297eef1deae8d284eab6edf05007f79e4a7726d39f7ddf83feead220cf50
869a78bf72d64f9a39c57a9e28f51cdd088b5a4c826b75e1ae210fc2865c1bed,qwen3_32b,qwen3:32b,task-humaneval_plus-012,explicit_reasoning,0.0,2,20260406,completed,pass_at_1,1.0,277820.0782519998,stop,2727,188,true,4096,False,False,337,9078,94bc6d5d7efa51c24f4b97f5d0efc453331871e0c72acd9553e6b6d0d6b40fc7
2f2395c9f8ca95036ee331a2401baa660c0a0cebd691f2d82e27dd7c83f7286c,qwen3_32b,qwen3:32b,task-humaneval_plus-083,minimal,0.0,2,20260406,completed,pass_at_1,1.0,225655.7236770168,stop,2250,170,true,4096,False,False,258,8023,be23d6adcc59e6eef63baed3d48ce62e6276ceb9fc1d0b979aba891b75974d6f
1cf667c01631253724df21ee0a691645706bbb6b3dcbcc22c3db0f7e74e7e3cb,qwen3_32b,qwen3:32b,task-humaneval_plus-028,professional,0.0,3,20260407,completed,pass_at_1,1.0,117736.87592695933,stop,1212,189,true,4096,False,False,146,3800,036fab6c2519f4d5d2644de124a54df86d1ce6f638c754da05373b7a98b3f4ad
262bbe96cbdf5d23de5b03ac7b64d70e46c465c8004317672bd187a7fe80940a,qwen3_32b,qwen3:32b,task-humaneval_plus-008,minimal,0.2,2,20260406,completed,pass_at_1,1.0,212981.29727103515,stop,2257,157,true,4096,False,False,492,7541,c5765a9b349aaeffd4f286d43dfc0b5975c74961db0793e52938c9397e003002
f0de4dad12b51ab0a61f96e62d34ac9ddeb6373141be15fac3a35c304333648b,qwen3_32b,qwen3:32b,task-humaneval_plus-126,professional,0.0,0,20260404,completed,pass_at_1,1.0,146150.23195795948,stop,1589,178,true,4096,False,False,284,5024,2371daa928dee88765ec730a59b56849d05b3679ba9c2c3aa5ab06313739afe7
0dd073d5eb834410e208c6ca522bf15853ef7de1b61669dffa460f493c72ee5b,qwen3_32b,qwen3:32b,task-humaneval_plus-111,explicit_reasoning,0.0,3,20260407,completed,pass_at_1,1.0,218915.5556790065,stop,2344,151,true,4096,False,False,426,6754,b31994ef3572e04c28d02df4ac42e3e1b2adce8bd6c0660646cb4ab3d2c9e6d1
5c4c05785a5757a9bf006fac94e497560bcdf64235748cbdecc5af930146cf1b,qwen3_32b,qwen3:32b,task-humaneval_plus-137,minimal,0.0,4,20260408,completed,pass_at_1,1.0,100217.38477103645,stop,1110,235,true,4096,False,False,187,3564,427e68e39803acaba11bcfc5db98dc74330132bb259847b3d3cfe6af494beadb
592fcf47b735ff183f0c5349bf17f47bdd597a7050a0162b811ecfd0a63c65ae,qwen3_32b,qwen3:32b,task-humaneval_plus-001,professional,0.2,1,20260405,completed,pass_at_1,1.0,280757.42602703394,stop,2953,176,true,4096,False,False,297,10326,c35bacdfb714359ee4c0a891e0bda72192d0914d883a587607835ef0effa0851
52bb4d9e2988219820344a68e297d7997b6c74ea3ff9a555a158a22f6b02e6a0,qwen3_32b,qwen3:32b,task-humaneval_plus-038,minimal,0.2,2,20260406,completed,pass_at_1,1.0,120298.35180903319,stop,1326,116,true,4096,False,False,230,4423,6bde5331d2e2468ca640136af520057792f510afaa54d3ac51604a17f0ce6edf
bbd7bcfe28e1095e173abb2672d7e941a651a7ce3da5c5b666e177f525da81cb,qwen3_32b,qwen3:32b,task-humaneval_plus-137,professional,0.2,4,20260408,completed,pass_at_1,1.0,92994.49236196233,stop,1025,245,true,4096,False,False,166,3347,e62aac81f655d36fff8f9bd3d1db2be437bfd610ba6146220ea57eef414a9de5
69b66f0436c701f6df311cdb6db7b6e741a1dbd13af7368e3da8d4b43bfb1c92,qwen3_32b,qwen3:32b,task-humaneval_plus-116,testing_oriented,0.0,3,20260407,completed,pass_at_1,1.0,145375.0226710108,stop,1585,105,true,4096,False,False,290,3951,828c6b467c18d3d00862a4eb49220040071cec69dea9a333c7332da5211bf6de
ad76c872be86859c8a563f6da9e03df5bd94086ae4b3bb8984336df9e84fa25f,qwen3_32b,qwen3:32b,task-humaneval_plus-140,testing_oriented,0.2,2,20260406,budget_exhausted,pass_at_1,0.0,403697.7576080244,length,4096,163,true,4096,True,True,0,13879,f069af1bcfef638de377e8d1218732c4bd8ec4318326802c24ae226342011d51
68640c75e94ccb666ee3f62041cecf1fb557fccc77b66fa3f80870b295d8fa63,qwen3_32b,qwen3:32b,task-humaneval_plus-067,explicit_reasoning,0.2,0,20260404,completed,pass_at_1,1.0,159806.88337795436,stop,1738,180,true,4096,False,False,190,6567,4c510f7de78e29ff0141fe64b93ce3c5bc7390a4a3e2af248cb40e8d1038de69
6cf6847cc0e7ba7154e08e083c241ad10c21492ccfa857e239a61211da847232,qwen3_32b,qwen3:32b,task-humaneval_plus-072,professional,0.2,3,20260407,completed,pass_at_1,0.0,151995.40310300654,stop,1660,138,true,4096,False,False,355,6008,90c4c7633c79dcef90dd42cd7555e084096cb1b94fccac7159b00c86c8406b99
101704a28822c52e7eb2fc2285285c5d107febbcb5d01820535d202b8d1a824c,qwen3_32b,qwen3:32b,task-humaneval_plus-056,minimal,0.0,1,20260405,completed,pass_at_1,1.0,233693.56874300865,stop,2476,253,true,4096,False,False,369,8733,ad89b6debddba828a16734cd102e386aa9e4a030a351271debb9ac8fce1bfd2f
8d921b0047c35561d7b60dd8653437364c6b1ce6d3225adca51fece6bf0d1f56,qwen3_32b,qwen3:32b,task-humaneval_plus-108,testing_oriented,0.2,2,20260406,completed,pass_at_1,1.0,44659.743700991385,stop,505,121,true,4096,False,False,73,2151,9f1161db649e6639d38c88dca23b8900c6382b46de43cb82662e0d38e6d368c8
9e79ed559aa7f6bd5b97ef40a57b5cbfb095c2cc998b87a815db485aedf9676e,qwen3_32b,qwen3:32b,task-humaneval_plus-014,explicit_reasoning,0.0,4,20260408,completed,pass_at_1,1.0,293017.8365969914,stop,3053,142,true,4096,False,False,362,10294,516e6f8d934f825421fdfb4715cc9327a86c5641d10586cafcc14b90381a03fd
991722f6a3c8eead675a615480d3edc963a34c188c70af39481b00bb3668839b,qwen3_32b,qwen3:32b,task-humaneval_plus-097,testing_oriented,0.2,1,20260405,completed,pass_at_1,1.0,240430.03181100357,stop,2537,208,true,4096,False,False,780,8713,037f429e55b34178f4654e78fbcd52040be9f9c8873687d00b9ef7fe65315d02
a30ff44565b6d8d7fc11f3d2d94fda9bc03c1b3f52d7365b867d43565e455b73,qwen3_32b,qwen3:32b,task-humaneval_plus-134,testing_oriented,0.0,1,20260405,budget_exhausted,pass_at_1,0.0,404423.89426595764,length,4096,173,true,4096,True,True,0,14103,897ae5c9bd52e4d5f730ea2f91e5b410832b0f55b7e15af07afeb9ac195e9309
e9b13ace31d13b684901cbe698e0b79d378768c2de09f7d90cb2be6c54d7bf10,qwen3_32b,qwen3:32b,task-humaneval_plus-156,minimal,0.2,3,20260407,completed,pass_at_1,0.0,243041.32069804473,stop,2571,149,true,4096,False,False,222,10138,af37b1101d3efb8cc4b2b7d087d50806560db02f4639d9f09103c29f14dce838
28d9a466e19b61f10d46e4fec89934ac059581fd15d3f6865d0ee81503835262,qwen3_32b,qwen3:32b,task-humaneval_plus-047,professional,0.2,1,20260405,completed,pass_at_1,1.0,69880.19279297441,stop,782,111,true,4096,False,False,281,2450,4c16eb2427ec9b453c10723ff2821decd59e3d8fdc866ad4341e309b8f28902d
be5f66706c1e6da50e2bf5ddc4d3366819a0102e6d6519a6c3baa06039d7a0c3,qwen3_32b,qwen3:32b,task-humaneval_plus-071,professional,0.2,2,20260406,completed,pass_at_1,1.0,127231.74485599156,stop,1398,163,true,4096,False,False,166,5202,ea1488192848337f27d41d096a0cda2290b31db60f7efe8c6bcce94f5a4bcef2
08d3b3d4aac61feb170ff796407dce6e0133f4cfa89cada37db280bbcf3c98ae,qwen3_32b,qwen3:32b,task-humaneval_plus-032,testing_oriented,0.0,2,20260406,completed,pass_at_1,1.0,387758.83355905535,stop,3920,299,true,4096,False,False,247,13698,a7cd05ce3bd07d6e6e4a12143bf8f725569f5099d53732ca4dac9be77af52686
e7d6777f64a92561dc677541f654e876e5f1b7cd3d0439179197f0744056ca74,qwen3_32b,qwen3:32b,task-humaneval_plus-035,explicit_reasoning,0.0,4,20260408,budget_exhausted,pass_at_1,0.0,411446.6758799972,length,4096,456,true,4096,True,True,0,15789,360d5a9502cf25ad550ce23936d6bead30fe0e95033db2e11efa935c345c723c
8d4706f79f5326e2896f03465cc60e906f067352e2bb70ca960952ad5432da69,qwen3_32b,qwen3:32b,task-humaneval_plus-144,testing_oriented,0.0,0,20260404,completed,pass_at_1,1.0,119707.95946801081,stop,1308,171,true,4096,False,False,205,4139,e04aa6c2fbaa7bcc030a30d81c190fbeaefb9f9684242f687fdc06df0cc4b70c
178c8a27739732ad516e367e0279a97baec1aaba5260c58fdd70238daf460909,qwen3_32b,qwen3:32b,task-humaneval_plus-141,explicit_reasoning,0.2,4,20260408,completed,pass_at_1,1.0,83567.74386198958,stop,920,375,true,4096,False,False,171,2951,08a5004a6ee007a32b936b0962d17e683f8760e72f700d7651dcc3124661d94e
b9e5d42bd8a481a79875479270f510a240f09cf0d3082405935b9f86f9db60fe,qwen3_32b,qwen3:32b,task-humaneval_plus-160,explicit_reasoning,0.0,0,20260404,completed,pass_at_1,1.0,189853.1957610394,stop,2032,233,true,4096,False,False,320,7695,eeb8188621a0691638eb0743c63a7e3141148f5f9732b2beff6d4ee2c20f09d6
3c7cca010d882807747e797d4d5fbb10789f4b8b0332b72c73d67a7894da7d62,qwen3_32b,qwen3:32b,task-humaneval_plus-068,explicit_reasoning,0.0,3,20260407,completed,pass_at_1,1.0,79291.93477198714,stop,848,350,true,4096,False,False,127,2695,663374d9f6c5404242857260a07643f2574dd1b4bb3e34b417218d4e9d7f75d7
995ccb660941294336b33c5c3ce295a2f9a3111f662209583a8e60831031491c,qwen3_32b,qwen3:32b,task-humaneval_plus-051,testing_oriented,0.2,2,20260406,completed,pass_at_1,1.0,275743.4148339671,stop,2806,199,true,4096,False,False,493,10783,19ecc05e9fd00b11238af3ac6cd1d3c7d2e9801655aa3be0a826b44bf5cfd169
99bee6d9e24f0546289d789913eafc4cd353d504f1456a9186862e46393a0dbb,qwen3_32b,qwen3:32b,task-humaneval_plus-017,explicit_reasoning,0.2,1,20260405,completed,pass_at_1,1.0,101310.85349596106,stop,1058,222,true,4096,False,False,217,3846,fc21a0d4538a39c3612fe37662fe76e696c830a611f8bd497a36891aa72f82be
71c75e921035eaf2bc5bbb79226edc79d8c71afbb85501d4ee4f7cdb5d25dbbc,qwen3_32b,qwen3:32b,task-humaneval_plus-123,testing_oriented,0.0,2,20260406,completed,pass_at_1,1.0,148431.6317330231,stop,1579,139,true,4096,False,False,275,6443,c338c6335c83b7c6cddb7b34b2fa15bf7f45b7ad4fda5bf6e46b138241507524
fde1ce4596f9c803cca0539e7f5389687828e7a821987b53e86b7d920163de5f,qwen3_32b,qwen3:32b,task-humaneval_plus-059,minimal,0.0,1,20260405,completed,pass_at_1,1.0,183094.86241999548,stop,1964,132,true,4096,False,False,425,6316,016206fd7ad334887a4576bd0a3b132b0c8a038ee9a4b088ca09f47bff417591
b8c42b7ea892593d3f166b3f98dbac4ddbc239013bf6133e74603e54d28aee8c,qwen3_32b,qwen3:32b,task-humaneval_plus-062,explicit_reasoning,0.2,2,20260406,completed,pass_at_1,1.0,185746.7571219895,stop,1943,337,true,4096,False,False,483,6879,e8253e8a1778868f1b5f84cf3c6e4a487ad1430863d65df857dbe2bbf8071a84
d4c69b40e9bc35fe2e06f49aef1bf4132d8b2d86ebc64c90980037a185224f09,qwen3_32b,qwen3:32b,task-humaneval_plus-046,testing_oriented,0.0,2,20260406,completed,pass_at_1,1.0,217070.30801899964,stop,2226,147,true,4096,False,False,183,7237,7721369cc741c6c94fa9df0653eb7e65b886e2af9a6cc75e8458e66c8e5690e1
2ec94ef27bc3f8caf82795a8efc530a3c3e2ec43e89de6cd22c77fe15991ecc1,qwen3_32b,qwen3:32b,task-humaneval_plus-061,testing_oriented,0.0,1,20260405,completed,pass_at_1,1.0,78205.28728602221,stop,779,280,true,4096,False,False,92,2616,3ab0ed3fd570ca0a5d54bd704b2822246423123355aa54f7a644dee8c10df242
58c09d10a33cf0f3c87df930b6b5be3d04f72cdd265c96142fc76e3ddd29cd14,qwen3_32b,qwen3:32b,task-humaneval_plus-073,minimal,0.2,0,20260404,budget_exhausted,pass_at_1,0.0,439224.69904698664,length,4096,148,true,4096,True,True,0,13644,15695ea5106ced849adf2e07ca399f5b0e18d4c83cd6e2bd315cc50f4c88a5a4
4b1d583b3679db7bff8fea65d531a01de8a4bb277ac2b3c6feeea73944defe97,qwen3_32b,qwen3:32b,task-humaneval_plus-076,explicit_reasoning,0.2,4,20260408,completed,pass_at_1,1.0,90274.48172902223,stop,911,165,true,4096,False,False,334,3094,1fa8bc58c18728b604a46b51ec28646ad8febd220e67e75a04d67f0afa4fa7f0
94d45373c764036fd8e6d7ba6ee16e193fe2538c5ea96007572f5a2752185bbf,qwen3_32b,qwen3:32b,task-humaneval_plus-104,testing_oriented,0.0,3,20260407,completed,pass_at_1,1.0,328574.54926299397,stop,3134,147,true,4096,False,False,482,9529,194a52abd429c44271ea4fce16e58381703e6d91cf2a7bec15058fbe96b16a8f
2490b80fcca0b4c24f131ede835285eaf3aa5b02fcf32864629275a149e5a5c9,qwen3_32b,qwen3:32b,task-humaneval_plus-148,minimal,0.0,0,20260404,completed,pass_at_1,1.0,78508.52827099152,stop,832,189,true,4096,False,False,103,2472,3411641729642a121b4cfc4408356fdb24a6df40820f30d9ba8cbecbf5fde08a
7c3bb7028551727f36bb67259632249c27f691916825e04602938ff7f36a64a7,qwen3_32b,qwen3:32b,task-humaneval_plus-163,testing_oriented,0.0,3,20260407,completed,pass_at_1,1.0,90499.61740098661,stop,964,122,true,4096,False,False,201,2982,ee425231f7ec13a30bd32cc99eff7fb36003692aabf554d65331a87ea4615b7b
d6a50ca32d79e0b68321d6c18ef02ff733ab650244a477bd11d27de7b83b836f,qwen3_32b,qwen3:32b,task-humaneval_plus-027,professional,0.2,3,20260407,completed,pass_at_1,1.0,74529.22556898557,stop,830,155,true,4096,False,False,176,2572,322dc7609dbc4dd624c80c6405fb0b839c0b5f75996991aa1d36d2d76d93eea6
d1aed44a23080ab5fea94bb1cda1f7d3b47e5713b38e34d1eec176890eee147a,qwen3_32b,qwen3:32b,task-humaneval_plus-138,explicit_reasoning,0.0,0,20260404,budget_exhausted,pass_at_1,0.0,405889.8508370039,length,4096,143,true,4096,True,True,0,13973,e1b14244e966922c80a7c4f3cd4bfc143b1d1b3823e5deb5c5fe315479b1295d
27c407af74ed935cfbca2ee2fe872b3cf01bfe1920a2ace0fb8e107e59399125,qwen3_32b,qwen3:32b,task-humaneval_plus-088,minimal,0.0,3,20260407,completed,pass_at_1,1.0,74369.10127097508,stop,826,161,true,4096,False,False,214,2975,f5a2f129aa38cfa1201e39659de8924234ac1ae347d2f87d38bf0d5203530dc8
e56961e4377a3ae3ca0eeff2a6549fbda4ad4c0974757dfa354a8fa436cdb33f,qwen3_32b,qwen3:32b,task-humaneval_plus-129,testing_oriented,0.0,3,20260407,completed,pass_at_1,1.0,180453.8406879874,stop,1898,276,true,4096,False,False,181,7129,74fc40b30bb0c064e36b43bf7a06905cf6db042ed607442cabe5632309c1373c
5799d1e00c06059d89895f8d48c7b0ab34810549061e1b55bcfbbbf11377962d,qwen3_32b,qwen3:32b,task-humaneval_plus-164,testing_oriented,0.0,1,20260405,completed,pass_at_1,0.0,363454.5511450269,stop,3683,214,true,4096,False,False,292,12656,ea2177dd4fc36c5376c0291f03fea1ac39a1a7574eedfdb472f160c7f489fc79
e87d514d9e86fb3cd219ec3b8cc8d52dc112478b5194f2b84cc3c5e0d6735ac8,qwen3_32b,qwen3:32b,task-humaneval_plus-063,testing_oriented,0.0,4,20260408,budget_exhausted,pass_at_1,0.0,408210.02658299403,length,4096,179,true,4096,True,True,0,13847,d1a15f0ec09632cb4a9aa44648aa98dedf0216da7de5b53249b083366ae7bff3
1d693bcc3f5f384346ab90273d724d7749e7f2ba627c218800910ad982346e7b,qwen3_32b,qwen3:32b,task-humaneval_plus-065,minimal,0.0,1,20260405,completed,pass_at_1,1.0,413021.4388120221,stop,4095,150,true,4096,False,False,491,12588,7cf00e7a78889db7e730f3bc50f173d89fd28c58bcbe7ec8fe24ee08973c34ee
fa43577af7ff1e6205d52255cef6ea3b3944625f33028e041950cc3faba4439e,qwen3_32b,qwen3:32b,task-humaneval_plus-057,professional,0.2,1,20260405,completed,pass_at_1,1.0,359119.2473080009,stop,3640,239,true,4096,False,False,155,14909,446c06869d3a1a7a86913fb297f936cbb12a933f562d1e56f54df56575512e53
174b35df452f649027f1816931fcfb525ba2b425b54b73fa69b6dabe9c8e95c4,qwen3_32b,qwen3:32b,task-humaneval_plus-142,minimal,0.0,3,20260407,completed,pass_at_1,1.0,51047.7787660202,stop,567,189,true,4096,False,False,197,1761,7fcee9907d94245dd9769ff59644276ee7e615dcd0ad802ed63f79dbc980f7a2
3b7e206b5bc6f435a14f200ab6c76a67fd619ab289d4ca6f9045aea246fea2c6,qwen3_32b,qwen3:32b,task-humaneval_plus-002,testing_oriented,0.2,1,20260405,completed,pass_at_1,1.0,271042.31912398245,stop,2802,165,true,4096,False,False,422,11090,03b7f3fc30457d890269b56b285356f7fd5c8b8e431f5b1ec301d5319da02567
616ed761a6c4823cf2d60cd51c53cebfe804643961eed9411429450573a3a9ea,qwen3_32b,qwen3:32b,task-humaneval_plus-040,testing_oriented,0.2,3,20260407,completed,pass_at_1,0.0,250290.4367839801,stop,2611,211,true,4096,False,False,97,10368,5ee411d88525abe41157c8b4d83f9f10af2806395b55b8b3a0700b6be6405c0a
1b3cfd90d02902b79e21759cc7ef1c557755dc5769a0d925aa6b242b6f2f58d9,qwen3_32b,qwen3:32b,task-humaneval_plus-019,testing_oriented,0.2,0,20260404,completed,pass_at_1,1.0,234338.90055597294,stop,2475,138,true,4096,False,False,245,7691,8ea27ea52e7b4dc53dc52cce79661fb6e21c8ad1cb582472d77483865908c7db
a3d28b7f95fcfa45aeb3a774de95d711b10517cc844c5ce25922300464f169da,qwen3_32b,qwen3:32b,task-humaneval_plus-109,testing_oriented,0.2,2,20260406,completed,pass_at_1,1.0,138144.38262401382,stop,1508,166,true,4096,False,False,321,4955,38c50d353f6aa310baf615f34dfb12373d4cff61a729ea344006f4e07ef9d563
f7522c005967889276e2645261f26724fb773ce4e2e30474e0c175543a1823be,qwen3_32b,qwen3:32b,task-humaneval_plus-055,minimal,0.2,1,20260405,budget_exhausted,pass_at_1,0.0,405796.40323499916,length,4096,210,true,4096,True,True,0,12652,3fde6c6418be83c6b22fd00777b500c4884bedfcde3d8eab762b8ef375661b8c
4a0e1603f9bb797f1c58b393718a8e9fb7dd3510ebc861335fe5e8a74e0bfe84,qwen3_32b,qwen3:32b,task-humaneval_plus-155,explicit_reasoning,0.2,3,20260407,completed,pass_at_1,1.0,320488.50033897907,stop,3333,184,true,4096,False,False,118,11396,56b4412733a42f079ab40bbdee745075954a4863742abd51e1eeb54229b12af0
a95de2d8a00284fe2889242d77697856018d7bf161480adca9b0700679c5a539,qwen3_32b,qwen3:32b,task-humaneval_plus-044,professional,0.2,1,20260405,completed,pass_at_1,1.0,193205.75831399765,stop,2068,193,true,4096,False,False,325,7403,b0b7f3fa10b5b6eb89cd722bf317605281f870d6feab53c53404231bd168b3a0
942ec5fd26261a9407f4fdca1018577bab1c765ce7c8ea90e820363843e4f46c,qwen3_32b,qwen3:32b,task-humaneval_plus-047,minimal,0.0,2,20260406,completed,pass_at_1,1.0,78173.18464099662,stop,849,101,true,4096,False,False,281,2702,57be701df873a386c3f416b6895b8926cff0a81f1fcc1a65c860c34dae7ae5fc
a32ce4f95540fb413294c77e068d83c76d218071f07e60d10865c86339c50282,qwen3_32b,qwen3:32b,task-humaneval_plus-027,professional,0.2,1,20260405,completed,pass_at_1,1.0,148943.26950301183,stop,1603,155,true,4096,False,False,155,5493,233ca4bc8fed788429345e857d57d71a92d841a8670f32769de25578dbeb9cb9
b72ba4144cc8ba622cd0fdb0398882e11d9c4738e1b2c0fc3ae1ef949abc81f8,qwen3_32b,qwen3:32b,task-humaneval_plus-090,minimal,0.0,3,20260407,budget_exhausted,pass_at_1,0.0,402795.8767400123,length,4096,148,true,4096,True,True,0,11968,b72e5214b14a435b84f323d305f9ed59144b3871068dab9e3aa21237ddfc74c4
6ccffc484624ee3d85e0935288c590bbdbaaa1255477c23a20c807a82ade84e1,qwen3_32b,qwen3:32b,task-humaneval_plus-116,minimal,0.2,1,20260405,completed,pass_at_1,1.0,213413.66283001844,stop,2301,97,true,4096,False,False,288,6532,015412177efda6ec3bac74fc6f742b4111ca2068dd44fccb7e5287348889052e
76b48075535b3f9ba077b4fdcb9eb2cf7a52c87e784a50c85aaba9da8d99d85a,qwen3_32b,qwen3:32b,task-humaneval_plus-086,explicit_reasoning,0.2,1,20260405,completed,pass_at_1,1.0,45194.93605196476,stop,506,117,true,4096,False,False,253,1975,57b8b90cc7cf4f99f51d2081fd91b01a480897ccc0c570637b236fff046be7fd
db3072bb622cbaced21af09fd9c36f10df1c0490e55e175d2befc4d108283fd5,qwen3_32b,qwen3:32b,task-humaneval_plus-149,minimal,0.0,4,20260408,completed,pass_at_1,1.0,105652.89708098862,stop,1159,97,true,4096,False,False,254,3629,bec28944440f2194f9a4cc19b4e30bf9ad60beb66a4c1a1aa77e37847b77b645
7055a62476c90be4a255e14dfd5d96986a267887e9989b19845d00e20fb75bd0,qwen3_32b,qwen3:32b,task-humaneval_plus-102,testing_oriented,0.2,1,20260405,completed,pass_at_1,1.0,55968.02996296901,stop,629,163,true,4096,False,False,253,1898,6c7afde0eb1c8c1ea267c1d5bd581d6a20b3eefa4ceb78d64989c9a05d17b354
dac5e239898e1334f0a4ada5dd4e9281277ddd0863ab05ba045520298aa134cd,qwen3_32b,qwen3:32b,task-humaneval_plus-132,minimal,0.0,1,20260405,completed,pass_at_1,1.0,74878.05464898702,stop,830,135,true,4096,False,False,393,3304,4f230c86e705d892cde37e08d82e1f4bbe17dc8e4047ba3ab23c0c59e9f376ec
66635ff75829507ed516e7f91470c79a8ed64161b6356259b7dcd1f9622842a3,qwen3_32b,qwen3:32b,task-humaneval_plus-077,explicit_reasoning,0.2,3,20260407,completed,pass_at_1,1.0,59660.80253699329,stop,668,145,true,4096,False,False,374,2126,bd497dd14da34eef8119ff5ac66bc4c630d456093753ec78017522f4e5e39896
a528fafe1943cb544fd6a5ce5f877cebc456e2dd7b3dd7816a66ac8d2f3a54f9,qwen3_32b,qwen3:32b,task-humaneval_plus-088,minimal,0.2,2,20260406,completed,pass_at_1,1.0,66971.79804899497,stop,739,161,true,4096,False,False,214,2633,e8b9db577ef1a64fe37e0d1b733e33e3c161182b9fc3bd097572421c1603402f
da113334cc7f4d22b48e3be61ea0f2d8ba52ed50e14e7dbca2aad7f4a6a603e6,qwen3_32b,qwen3:32b,task-humaneval_plus-063,professional,0.0,3,20260407,completed,pass_at_1,1.0,296994.62743103504,stop,3101,181,true,4096,False,False,142,10120,95ff35af8c6d32ffee00d1846e52134a38eaa31feef375a0afe15679eb68bf02
d300937f480a28e242ca4ec135b196cba2dfde76f722bd285e1587121ec3a1f7,qwen3_32b,qwen3:32b,task-humaneval_plus-051,professional,0.0,4,20260408,completed,pass_at_1,1.0,164300.34858896397,stop,1780,201,true,4096,False,False,482,6106,3be367d5ae12eb327cff3df546dbdc84e261c198bf2ea6ce310f62ce04982df2
0c0c32d6272870818946d20af09389cbb9c25f3cdccac705b6c9d21dba4569f5,qwen3_32b,qwen3:32b,task-humaneval_plus-076,professional,0.0,1,20260405,completed,pass_at_1,1.0,114123.22614295408,stop,1257,157,true,4096,False,False,421,4362,d103036bdb28f2b1d1fc7a24b29db3178e61641d138360f8f6b795f65b0334b0
cdd22599c55b470799fd0726059a8f0055abb8159df63bc4443c5da13dd8d6c0,qwen3_32b,qwen3:32b,task-humaneval_plus-092,professional,0.2,3,20260407,completed,pass_at_1,1.0,179333.86455499567,stop,1924,202,true,4096,False,False,354,6436,28ef970ab4e138da7aa3cbb1eae4426faac0dbd1799d7f094764169acbed87e8
efbec462b26e6a0d423078a5d0035b4b02c8f5a6cb13e542303813dfb9dd915c,qwen3_32b,qwen3:32b,task-humaneval_plus-060,professional,0.0,1,20260405,completed,pass_at_1,1.0,268509.65146900853,stop,2771,192,true,4096,False,False,135,10824,18e7d8b0dfc0bd7643cd6213c9346fea5132b08bfa13ec2f3172b2c27096dc3e
eaf60f9df83338f5f3019cf9ee89aba46770c7eb5407025fac42264916dd17a5,qwen3_32b,qwen3:32b,task-humaneval_plus-070,testing_oriented,0.2,1,20260405,completed,pass_at_1,1.0,398523.6662909738,stop,3743,257,true,4096,False,False,185,14843,9d7480af63fc29c0c767468b4d41f738b673de17f01bf137c09e5ac4bf213a92
1dfc6ea4501b68ad76ff66abf0abb824263720a4d550fa22af1fc98524082420,qwen3_32b,qwen3:32b,task-humaneval_plus-133,minimal,0.0,3,20260407,completed,pass_at_1,1.0,301178.91335400054,stop,2975,166,true,4096,False,False,282,9976,8131bcfe84476b3a87486acb4c80eed25108bc61ee22ec1bfcc1b92125d5ca1e
8b55fb0fda80589cf8573ceef6a9e04a5e4997ada6d203eaacf4246cdb965f3b,qwen3_32b,qwen3:32b,task-humaneval_plus-065,minimal,0.2,2,20260406,completed,pass_at_1,1.0,180165.9400530043,stop,1909,150,true,4096,False,False,387,5294,64adf8c19a71e4f6cf8d23ddc71d9e3413652f6467b016dab671c06fbeba82ad
626672adea462c00ec9bc9089aa40ce8a1ff2830dd789d908764e2769fa4eb6c,qwen3_32b,qwen3:32b,task-humaneval_plus-047,minimal,0.2,4,20260408,completed,pass_at_1,1.0,63793.346741003916,stop,704,101,true,4096,False,False,281,2352,44c7efe42a73819b2763f6bde3e14bfd94f5b6b8f68b8a15487a8184b88beebf
1316344175a0b4bc1a484bbc00b88c9876e62cebb3547a20f35bb5496b0acff9,qwen3_32b,qwen3:32b,task-humaneval_plus-076,testing_oriented,0.0,1,20260405,completed,pass_at_1,1.0,118255.98415505374,stop,1288,155,true,4096,False,False,421,4675,374746e8f61dc57dad6953b80b48732d65368b1955aed0cf84bd09d00d9b87d4
0dd0d46cd61968f554cd1c5c26b4d95070b7b1d3f070ecee5ecced63c1a9052e,qwen3_32b,qwen3:32b,task-humaneval_plus-033,minimal,0.2,1,20260405,completed,pass_at_1,1.0,251559.11663395818,stop,2621,296,true,4096,False,False,600,8762,5897d0c442cc9e6b5b1557b226aa2ee7af9d1578d59b5b780f38f81db57bfc11
9aa35c32b934d54dfe357dcffeb1b6455f2741c66a6767dd46c92f2c291c56db,qwen3_32b,qwen3:32b,task-humaneval_plus-097,professional,0.2,3,20260407,completed,pass_at_1,1.0,184373.76745900838,stop,1953,210,true,4096,False,False,912,6573,5aae2b3d4af51499a43c0e0a88110634b4aae4d3b728fed8cd328016e8f8bf7d
5ae09bd11d7d0b37143b6a805b23b787aaa1b8e778ac7c99c611b89c13adc64d,qwen3_32b,qwen3:32b,task-humaneval_plus-077,explicit_reasoning,0.2,2,20260406,completed,pass_at_1,1.0,60921.721614024136,stop,683,145,true,4096,False,False,374,2325,eb48df1a5547133dd89ecc8efe325aa3b331647b9d3929adc54d7fedfc8f9339
eb1b0f79b12936abb90ec4ad8114aa33922a974032ea367661b57c42b738978e,qwen3_32b,qwen3:32b,task-humaneval_plus-164,professional,0.0,0,20260404,budget_exhausted,pass_at_1,0.0,405607.2769939783,length,4096,216,true,4096,True,True,0,13805,381cf6314968ea2871b2aa17397b4051648ddfdcb86bce401f20d2dbc6a45a97
d04167b99296c1af6cc48000ecb862d03967abdd7b0e5bd6280d29854aeb30f0,qwen3_32b,qwen3:32b,task-humaneval_plus-005,testing_oriented,0.2,4,20260408,completed,pass_at_1,1.0,113130.55824104231,stop,1248,166,true,4096,False,False,73,5192,a8a3851eb96ab418dd31904a788efe6d3674a1f0d7a7bc897259fee3d1a8ec47
fb950bb9a129e613f1cf894fcd76c144c055a0b089384c9054c8b2ef2536d9de,qwen3_32b,qwen3:32b,task-humaneval_plus-064,explicit_reasoning,0.0,2,20260406,completed,pass_at_1,1.0,111663.25898299692,stop,1233,128,true,4096,False,False,207,4242,7b874179cabfa93c33d648d8a21b6b5d58f4f43f7dd80d6f38dd7a2546896f89
a6d49efdbef10023dec72e1f0473427fac2d541bdf8e07d9d69c6b105b6d7fd8,qwen3_32b,qwen3:32b,task-humaneval_plus-041,minimal,0.2,1,20260405,budget_exhausted,pass_at_1,0.0,401570.2394139953,length,4096,179,true,4096,True,True,0,16172,d09406527040f36359ed48307d5bdade10602880a7f827a7fd2bc69c028d1c2f
f155b378adcb79020f7229b05ac50967b87727f64cde6f7eea22f241baf066e0,qwen3_32b,qwen3:32b,task-humaneval_plus-081,explicit_reasoning,0.2,3,20260407,completed,pass_at_1,1.0,38059.8100060015,stop,428,103,true,4096,False,False,167,1697,b8c7301e31e278e3e85e821cefde2098e4cf87338896211c3c9b3aaed003936b
012ea3f168820c1b447c863aa827025c22d1d00ce4180a8183f3b0c00fcfd97a,qwen3_32b,qwen3:32b,task-humaneval_plus-095,explicit_reasoning,0.0,2,20260406,completed,pass_at_1,1.0,222830.49952896545,stop,2388,144,true,4096,False,False,178,6618,e3382743b16bee408ca8c1becf684ead8edf469ac21a541100175a33ff90b374
9791ca0609f0316e545febffa4470540979671571bb9499c80e23b78b6804c97,qwen3_32b,qwen3:32b,task-humaneval_plus-149,testing_oriented,0.0,0,20260404,completed,pass_at_1,1.0,72767.78758503497,stop,819,105,true,4096,False,False,159,2558,d5493264dcb97ca39d97faa5eacb15a0cab47c3a3832a8d70737322f62cd4038
a4e671415f160f183f559e1a10e2eeba9aa8f7215f7afccedb843864b65c872c,qwen3_32b,qwen3:32b,task-humaneval_plus-127,professional,0.0,2,20260406,budget_exhausted,pass_at_1,0.0,401604.94782798924,length,4096,138,true,4096,True,True,0,13553,7e024ac515a3bf30493c73713c48f94680e50bf26864aa2ed26dc11d6a0ffa69
fe2ad74cca44ab208dd2baee20b529bdb39430ed824524893b6ede1ae54d42b7,qwen3_32b,qwen3:32b,task-humaneval_plus-068,professional,0.2,3,20260407,completed,pass_at_1,1.0,87109.39726198558,stop,955,342,true,4096,False,False,207,3497,c89bc9cae28353ab85c89094c0b76d49c5093b6dc7cfa5225ce4f734b0a00228
7080b78dea587d5438b3d193ed2940ddad53d3584cb71a7afe646dc6ef167010,qwen3_32b,qwen3:32b,task-humaneval_plus-018,testing_oriented,0.0,1,20260405,completed,pass_at_1,1.0,387433.2053049584,stop,3940,232,true,4096,False,False,283,14631,bd9661351365fbc9eefb03e206410256542cd342f91c8d95d039ef3d41a1c2b2
621478e832203beff819b83f392dfac145be3ec70ee5338502a4c650f3b0b08b,qwen3_32b,qwen3:32b,task-humaneval_plus-061,testing_oriented,0.0,4,20260408,completed,pass_at_1,1.0,72104.14656600915,stop,792,280,true,4096,False,False,92,2773,f6acd7eac8333cd3e26133394b07c431062f72702b7b0ad4b8ca57aaa36d7307
83270a4ed41966720fa80a901f428d6a603229888e3cf1e7a6e3ef4b122a7223,qwen3_32b,qwen3:32b,task-humaneval_plus-037,testing_oriented,0.2,2,20260406,budget_exhausted,pass_at_1,0.0,403625.4604550195,length,4096,285,true,4096,True,True,0,13026,f0b559061e8a7808dab5295920a3941ae512b9b0b9a1836fbf30f7ed08836a8d
9101d40a9dca8d8e80ef805c69621b1a53219df9744b34aa381c58cf21d953cf,qwen3_32b,qwen3:32b,task-humaneval_plus-037,minimal,0.0,0,20260404,budget_exhausted,pass_at_1,0.0,405992.30028601596,length,4096,277,true,4096,True,True,0,11376,d99baf5950aaf3a85d7cc3bb08bd3822b41d4bc2a5f856d1d19659bd250cfcbc
bbb01c6bd119a0a3563bf6263f85464f729b3c49e853cbe7260e6488fd610b34,qwen3_32b,qwen3:32b,task-humaneval_plus-061,testing_oriented,0.2,3,20260407,completed,pass_at_1,1.0,88202.7229219675,stop,975,280,true,4096,False,False,92,3543,66a9d6d8a254b943be6ca82a72cd377084d096c76a4afcfe00128201ea18c284
dff45a3482aaccd727da18ba8045f663cadc9c64b805ea45ab2d62432bb8d41f,qwen3_32b,qwen3:32b,task-humaneval_plus-147,minimal,0.0,3,20260407,completed,pass_at_1,1.0,394646.03193098446,stop,4032,86,true,4096,False,False,115,11097,d8c1ddc1178a2ecf265d98d3b8f484888c77e3bad0e61f5c542d4058df898640
6bb46d4e5082c697960500dc7272da78d1cff2b1d4c48202ba0af6238d2f2c32,qwen3_32b,qwen3:32b,task-humaneval_plus-002,testing_oriented,0.2,4,20260408,completed,pass_at_1,1.0,173938.0442770198,stop,1882,165,true,4096,False,False,406,7146,ce082d5cd586d7d3409af306fa0c36b5e6da3f108b1e4ddb594a2114be5d1327
14479dcd72a786477cd7aa0e7cb2afeb07776769556d6ddb3aa86aae021136a9,qwen3_32b,qwen3:32b,task-humaneval_plus-027,testing_oriented,0.0,4,20260408,completed,pass_at_1,1.0,71155.60381201794,stop,793,153,true,4096,False,False,166,2442,aeec7be55b3f28bf34701becabee5ec78a6ead419f97a74883805a2bc6309832
c4248909d28e8a549756280020cdfbc5418afd718737dbe9a08e4bd005ac4edb,qwen3_32b,qwen3:32b,task-humaneval_plus-160,testing_oriented,0.2,4,20260408,completed,pass_at_1,1.0,296430.2701440174,stop,3083,223,true,4096,False,False,355,12153,2f20de08b9f0c33350853a9d4c5fc998398fe62e8e623e3083265f862036fe2e
0a468dffb0b6aca81307cb8eb914f012746715c867eac3f2ba7f149b4e95d88f,qwen3_32b,qwen3:32b,task-humaneval_plus-075,explicit_reasoning,0.2,3,20260407,completed,pass_at_1,1.0,191530.0450710347,stop,2064,148,true,4096,False,False,541,7526,a97d2ef0577bed06732ae96f738bf251cb5c3c018190123c67ebb8f7194516f4
ab2c80e02e060e1c0bea9003eacd729d8ee9b69fb471c9824499ee75b761296b,qwen3_32b,qwen3:32b,task-humaneval_plus-033,minimal,0.0,3,20260407,completed,pass_at_1,1.0,228670.86490499787,stop,2423,296,true,4096,False,False,437,7443,e87d1f3c924ab98e3ce134d08a698207864a8a3cef839f946c709e9ff6934716
7f0e4cfc05927155890fbd6d0aaaf5eacfff7b497c178820a3a9cfc0ea2bf6bd,qwen3_32b,qwen3:32b,task-humaneval_plus-063,minimal,0.0,2,20260406,completed,pass_at_1,1.0,402040.65601102775,stop,4088,171,true,4096,False,False,229,13778,e6581ce648e1ddf3c885cf4d4cde91b98e23ec50af3140bfbc9f2191642d1407
a30c59d465c52be3b8570743a2d74a72190f96e217e12832e78ee4d9c8a24cbf,qwen3_32b,qwen3:32b,task-humaneval_plus-065,minimal,0.2,0,20260404,completed,pass_at_1,1.0,363130.4039210081,stop,3722,150,true,4096,False,False,491,10370,733e723aea80a012936e8b4aec89e698454730c8d5b2cc735c917755a169acad
c79695f7941d4ea66eff050a34d3db7753f9caf01655d96158238477462602b0,qwen3_32b,qwen3:32b,task-humaneval_plus-096,explicit_reasoning,0.0,0,20260404,completed,pass_at_1,1.0,221340.85660299752,stop,2366,183,true,4096,False,False,250,7548,60cddcbdbd57c37d54035d95603beb648b0237d9f8e01bd538d5931cab8883d3
4d6950e7197173d99191f5a8dbb38327d638c952b119f6b6f886252e88d3b4b5,qwen3_32b,qwen3:32b,task-humaneval_plus-142,testing_oriented,0.0,2,20260406,completed,pass_at_1,1.0,109062.02440802008,stop,1209,197,true,4096,False,False,110,4375,2d5e2ed12e32b4bf2b0a37cfc9e52d9bc83ddeac8de13e363a514caf71206374
965ab83f61f1c874f9cd08f77a8cf653fd2e7a557ef41a81cc67ad88700dc369,qwen3_32b,qwen3:32b,task-humaneval_plus-053,minimal,0.2,2,20260406,budget_exhausted,pass_at_1,0.0,402429.01038599666,length,4096,163,true,4096,True,True,0,13326,6e03919c815b07928cc2813ae4d23091c7daeef0e6f738b69c9461951f286b78
bf302074c3a1cc818177251200b330fccaff9d204cd6d5de8dd29b9fa7c07e5c,qwen3_32b,qwen3:32b,task-humaneval_plus-053,minimal,0.2,1,20260405,budget_exhausted,pass_at_1,0.0,402216.24058199814,length,4096,163,true,4096,True,True,0,13778,daec1e04d79452a6c6b257f3536b821a8d250a7bfda5b81c2f3dd203a37f05d8
3b3ee9223dac6ec271360e66f1029f3dc02625805b38d80c30f213b99e92bef3,qwen3_32b,qwen3:32b,task-humaneval_plus-081,minimal,0.0,0,20260404,completed,pass_at_1,1.0,38001.31634902209,stop,429,85,true,4096,False,False,167,1641,2fcd71e7a5fdf10ce94261197d2f2544c4d3c032ac7246a4aa2126919ee6be72
b23f007d988969cc2da61e1335f1dcfdc0baf51f0129716977d1c2424cbab09b,qwen3_32b,qwen3:32b,task-humaneval_plus-055,professional,0.2,1,20260405,budget_exhausted,pass_at_1,0.0,403068.7162980321,length,4096,220,true,4096,True,True,0,12828,d931dfad4a086090a4b27c716f1b1d199d6fcca4399e013ea9b5be578793319d
ab3634ad5912155c70db5941664c62b62a1a673b665e1c2e97837ab4203e67b8,qwen3_32b,qwen3:32b,task-humaneval_plus-044,professional,0.2,4,20260408,completed,pass_at_1,1.0,355273.3894219855,stop,3650,193,true,4096,False,False,385,13590,ffc1766bf21060d92cd8f7eca8db5c808c88483628eb38b918d1e0f40ed4b817
52ccbfefb6139065d78af9166b7c4e37a0f3e12b123f91f9d17d1b18014b5bd5,qwen3_32b,qwen3:32b,task-humaneval_plus-132,professional,0.2,3,20260407,completed,pass_at_1,1.0,87305.00271095661,stop,966,145,true,4096,False,False,392,3994,f44763679ddcd0072a24fdcefd8e11f4191a39b7656fc17d4c566fb937296ef4
24ca1b7ea4e99762c67e9b7fb8204ee5dd45c7ebaff75858aa8bde1a06658f88,qwen3_32b,qwen3:32b,task-humaneval_plus-019,explicit_reasoning,0.0,1,20260405,completed,pass_at_1,1.0,194927.95735102845,stop,2096,148,true,4096,False,False,242,6172,100bf2b151bc41f06aa32b6b7792aabb3a7085e1a62073a2b7c44727bd891f54
7a842977e374af09c884c274c1ddc5be3e1ae56fca2565489926787e504127c8,qwen3_32b,qwen3:32b,task-humaneval_plus-002,minimal,0.0,4,20260408,completed,pass_at_1,1.0,158828.4704629914,stop,1730,157,true,4096,False,False,476,6200,94b065ae5691a40199d1204cad5f74900a025b860da1d7097e28fb30dae811da
8d544c315bca7d0fe889f154612ba638aa5a730fe17e794112fea3b4a436546c,qwen3_32b,qwen3:32b,task-humaneval_plus-025,explicit_reasoning,0.2,4,20260408,completed,pass_at_1,1.0,68577.35930697527,stop,769,162,true,4096,False,False,171,3020,6feb5fbbb4b7a73b3e949ac9bab6cef0f73de8c678dedfdf5b487e381bdb0ea6
43fb81efd375ef2c2566d081ab093f6c544c4b9737d5f4f9d23da67461481316,qwen3_32b,qwen3:32b,task-humaneval_plus-150,professional,0.0,1,20260405,budget_exhausted,pass_at_1,0.0,404202.39554997534,length,4096,183,true,4096,True,True,0,14485,486593dbce4bd7c67f88e9c42b583566b351ee4336d88fe9d9aa384ac5315876
510992846355e4bb563ec18b26f4998b8b6bc9e206e1a7152fbe4cf56404d7f4,qwen3_32b,qwen3:32b,task-humaneval_plus-051,testing_oriented,0.2,4,20260408,completed,pass_at_1,1.0,231195.87588100694,stop,2463,199,true,4096,False,False,353,8419,f7b8a5d5f94d5ba92f3439f5c375ae5ad37c9e9cb819f25a0af90703a2a4566e
254fd658ea01d0bfe8a5727cba76d37786731223470f462a83ef056226d53f6b,qwen3_32b,qwen3:32b,task-humaneval_plus-108,minimal,0.2,1,20260405,completed,pass_at_1,1.0,48023.15186901251,stop,544,113,true,4096,False,False,285,2104,2c7fdeda573c98a83760f72294a9f6add7fd003416dee9645aeb08ccee66b513
4f1c02f78643925f96fc2b4b3b8f42a5f8f4c57aa073784cf534feadab6d7779,qwen3_32b,qwen3:32b,task-humaneval_plus-124,testing_oriented,0.2,4,20260408,completed,pass_at_1,1.0,149984.84653502237,stop,1639,160,true,4096,False,False,89,5566,57aba5502517decc2c55e5465e8355ea63ee7f8244315ea23ed4567ea975244b
323722d63dd818d8ed1a0843ffcd27810564ec1e357b92e8b48cb40ecf6fa7a3,qwen3_32b,qwen3:32b,task-humaneval_plus-031,minimal,0.2,0,20260404,completed,pass_at_1,1.0,316661.85079701245,stop,3300,183,true,4096,False,False,225,12395,3fef5797c1767063989e65935710a056ccabad3edf551dd720693412ca65cffe
8821339e569f2c272f214a5e29edbd0c3089e00fe1206a8ae88d664fe9e0e176,qwen3_32b,qwen3:32b,task-humaneval_plus-024,professional,0.0,1,20260405,budget_exhausted,pass_at_1,0.0,406279.5472620055,length,4096,220,true,4096,True,True,0,15004,34db081a0de39b8bdeaab48420aebc107c4f3206bf8aa32a653cde6aa82979e9
4e1cce5677ed0418da757b3275ac56ef3a9d1378c2c8e9a24e626be0f7be5c13,qwen3_32b,qwen3:32b,task-humaneval_plus-041,testing_oriented,0.2,3,20260407,budget_exhausted,pass_at_1,0.0,407495.01482001506,length,4096,187,true,4096,True,True,0,16536,e0f3b714f6d930d8c3e3912b85b9aede402a289bf62cb685e5f52e560a240ed1
61a2c7397ffaeebef13c97ad59f557ede0a75d26b5c8c288fe7abfba86789ec0,qwen3_32b,qwen3:32b,task-humaneval_plus-110,explicit_reasoning,0.2,4,20260408,completed,pass_at_1,1.0,112389.95668198913,stop,1239,152,true,4096,False,False,274,4531,0b0ac0c2abf46b2976b160fb97d0d642538522f5ae724abde1992e9a15a7a425
05d4bcd1d6081ad1b6b4828e4da350f844fe247279f3f6bb4f0d85931b7f1b8e,qwen3_32b,qwen3:32b,task-humaneval_plus-054,professional,0.0,0,20260404,budget_exhausted,pass_at_1,0.0,405222.9068430024,length,4096,181,true,4096,True,True,0,14969,cacf0e0a7508c437f7b11b018654b9fa3696387459236bde81d77e0b522ee170
b37188761a9d05f978a9724021eeca81887ecca44ab96e11a2705e0a7d59541e,qwen3_32b,qwen3:32b,task-humaneval_plus-050,testing_oriented,0.2,3,20260407,completed,pass_at_1,1.0,129786.99611104093,stop,1409,221,true,4096,False,False,264,4122,aa794735da9b4f338822103188ee66fb9dbdcefd62d628d264ec61beb8af87d7
10be1e679aa6ccb3734bfb1e003837a29d9c17660b2f1b0383ae86b7efcb33cd,qwen3_32b,qwen3:32b,task-humaneval_plus-070,testing_oriented,0.2,3,20260407,completed,pass_at_1,1.0,300508.083875,stop,3102,257,true,4096,False,False,181,12491,c09da76983676d1bbee77c8d284f84a4172300814323c4ee9e96501ce6340186
cc692882dee143c7eeaa7df9d944ace655e4207fa31d07cf9ae92751dfc0c821,qwen3_32b,qwen3:32b,task-humaneval_plus-034,testing_oriented,0.0,0,20260404,completed,pass_at_1,1.0,171920.71627697442,stop,1850,172,true,4096,False,False,321,6293,567f865148a0f2251db6cea29af6018b26deacdd71196e107eba05238a03606f
90ded8a1ef907353ed4b0821f69916f2590a0e2877cca25fc326d559158a50a3,qwen3_32b,qwen3:32b,task-humaneval_plus-150,minimal,0.2,0,20260404,budget_exhausted,pass_at_1,0.0,404354.2140319478,length,4096,173,true,4096,True,True,0,15787,1fcd1e23efbc991da95c226de4221a689cf9bf2dd1fb6698bc65220f2544f11b
e3bc0bd13072b32244b9b75553acd16ad07d00bd1b93f54fdbf9c49607f9d545,qwen3_32b,qwen3:32b,task-humaneval_plus-133,testing_oriented,0.2,1,20260405,completed,pass_at_1,1.0,376795.93766800826,stop,3827,174,true,4096,False,False,279,11567,445a52e65a9ce2debec462e6793e516e2f9f5ff3c8fbf9982a12fa59a8206129
18c84b6c7e2f96651ad44a47ac68d66dcc15d4436f50c0f18e90b330388fd662,qwen3_32b,qwen3:32b,task-humaneval_plus-115,minimal,0.2,3,20260407,completed,pass_at_1,1.0,173489.2436459777,stop,1864,185,true,4096,False,False,85,6974,95a24ad0a6b392547a2d3bbf025fb8146f8674b54633754ddd7d9133a6e91f37
a153413d4bb5588072425766b27f97d9870baa8332e14591df2be67f252288ec,qwen3_32b,qwen3:32b,task-humaneval_plus-011,professional,0.0,0,20260404,completed,pass_at_1,1.0,83143.13704898814,stop,918,266,true,4096,False,False,286,2823,ba87f24a0897d5e9f6fbf2eab1275532535e2979c678a282c578da3abd2bbacb
0e57b2323ae0915ef3807118e6bd176fba0c93f9f8e59267c1f0879fa7e21e6a,qwen3_32b,qwen3:32b,task-humaneval_plus-044,explicit_reasoning,0.2,3,20260407,completed,pass_at_1,1.0,279925.73956097476,stop,2918,201,true,4096,False,False,352,10809,1ed328f7d19f90ecf0c5abd3346539706da25a34b5998cead8390d111ba8b107
704ec00a242e6a57139a1def097d006a793f51eb0a49eac03c2bc68c7720f88f,qwen3_32b,qwen3:32b,task-humaneval_plus-036,minimal,0.2,3,20260407,completed,pass_at_1,1.0,163981.02971102344,stop,1781,114,true,4096,False,False,309,5287,2faaa222cabf48b963cd1ab2013547f3ff98265ac361bd9a373dfac7bac76ead
4404277b21603e4f6270cd25972274f774767abaa5f5e286c3cfa8e6172c73fb,qwen3_32b,qwen3:32b,task-humaneval_plus-115,professional,0.0,3,20260407,completed,pass_at_1,1.0,258674.28934702184,stop,2710,195,true,4096,False,False,473,9379,7a9d6c3de1d55fdfe323214c7090170319a19c92030eb084c1d17d81bcd713e1
9bd954b27e795065af4e773e115c4f18bb593e07ada4f230f9538ece79a44551,qwen3_32b,qwen3:32b,task-humaneval_plus-154,explicit_reasoning,0.2,4,20260408,completed,pass_at_1,1.0,106699.64361400343,stop,1176,160,true,4096,False,False,454,3905,5fe4bfc23ccd56df3711649d7442ae3817cfe9bac73c850765299d98c4f4a7ca
9b5bfe5e8897c48265edd3b88a149307f49ec4e138e8c8664d826919b8790281,qwen3_32b,qwen3:32b,task-humaneval_plus-083,professional,0.0,2,20260406,completed,pass_at_1,1.0,268156.17716300767,stop,2806,180,true,4096,False,False,822,8529,ff5c8ce5cec9ae278b7deb80f33cc9ac262c6e3605385637b90598f17f611f62
0f1356710e0cae5673b416a72fc147c9909817e9c1690d6f28718c7103b79ae3,qwen3_32b,qwen3:32b,task-humaneval_plus-078,testing_oriented,0.0,2,20260406,completed,pass_at_1,0.0,407115.44511199463,length,4096,216,true,4096,False,False,506,14010,c1c5363e9f4eafeeeb548c3ca88524705fcc9fa10f5888294b7f820648337c19
7c5ecc58dcee33ba3442b60b341e5e6fa878b99eb00bca8ee018b13058be4217,qwen3_32b,qwen3:32b,task-humaneval_plus-022,testing_oriented,0.2,1,20260405,completed,pass_at_1,1.0,259524.22953001224,stop,2710,231,true,4096,False,False,380,9546,558dec45a0da15e3901d1dc529f59846dcd65a20359db4deda6e8ff108f8d98b
12e31460a292ba73736a0272a260565933f11b05db39bf5995c71ae60489d0ea,qwen3_32b,qwen3:32b,task-humaneval_plus-071,testing_oriented,0.0,1,20260405,completed,pass_at_1,1.0,202514.4378800178,stop,2158,161,true,4096,False,False,424,8239,a309a27bbf14a56c470bb321b2cf3382cf34a172073422542073cfaf0d44bf64
ecc6e8b95a2a9b185ef062d761f38f38d5b560676d9aa69d681e1f898344b0f2,qwen3_32b,qwen3:32b,task-humaneval_plus-141,professional,0.2,0,20260404,completed,pass_at_1,1.0,110601.07638000045,stop,1195,367,true,4096,False,False,227,3851,28169e9858442137f0034a7e8fb61973582c4960eb14564c00c65deca51e56f3
0dc61d09b85715935be34a1ba3bf9f5bf1059259f2195a8849eb8bca519a11a0,qwen3_32b,qwen3:32b,task-humaneval_plus-130,professional,0.0,1,20260405,completed,pass_at_1,1.0,296055.52165198606,stop,3041,367,true,4096,False,False,417,11008,ce0e84a363fff4a893fcb4a72e7bd03453b983cf9f8beeae078a39ae181d56a4
3344a0b809e2af7176acde8a2cf22584fdfe3eed39a81621c179f38be3c2ca12,qwen3_32b,qwen3:32b,task-humaneval_plus-107,minimal,0.2,4,20260408,budget_exhausted,pass_at_1,0.0,406874.3194669951,length,4096,123,true,4096,True,True,0,12169,1440187f5b62b512b8d87b6f406f00ca69680bd40368724c2d2efca316b164fc
81fb2bb26ebd26441aa776c74d2fe76ffb580908938ef778f4422c096cc1833d,qwen3_32b,qwen3:32b,task-humaneval_plus-062,testing_oriented,0.2,0,20260404,completed,pass_at_1,1.0,329657.11823897436,stop,3357,327,true,4096,False,False,482,11926,3bc877ecf05628b5a5880c2dd00003d3c7ba672793f24ec4d9a9e3484c465b31
8d37d6ee798835a9e0ce7ba24250330dedc43219b3a12e71a8921efcad961c8c,qwen3_32b,qwen3:32b,task-humaneval_plus-131,minimal,0.2,1,20260405,completed,pass_at_1,0.0,185768.1501280167,stop,1979,207,true,4096,False,False,668,6939,a5f164ee345d09baec7feb1b248ea848fdfbdf06c4d6303c401cb81822485aff
b5f51ad6d4de83fa39d2ee6160cc7dbcb5154fac99abdef4888e77b282f7fd12,qwen3_32b,qwen3:32b,task-humaneval_plus-037,testing_oriented,0.0,0,20260404,budget_exhausted,pass_at_1,0.0,410169.0820220392,length,4096,285,true,4096,True,True,0,12040,326ecd37954309c7a4b272f7543143da091125fc4bfcbad022c9b66be3bc7dcb
542c8d5cadf11f287b5da921ed4876ca08de837574330713e252d56bb57a22db,qwen3_32b,qwen3:32b,task-humaneval_plus-125,professional,0.2,3,20260407,completed,pass_at_1,1.0,316710.6368110399,stop,3264,202,true,4096,False,False,234,9006,3dd554512f0c21959be3b62e0f183491a45da9b55a3729b8fb8fce2793b19131
edeb92226c2a17d3f31845ec13b1c9c8d80185718034679ae6b3a231260db33f,qwen3_32b,qwen3:32b,task-humaneval_plus-002,minimal,0.0,2,20260406,completed,pass_at_1,1.0,160838.19751098054,stop,1730,157,true,4096,False,False,476,6200,94b065ae5691a40199d1204cad5f74900a025b860da1d7097e28fb30dae811da
c49709b7d55d35849bdb595e2cfd6e7d516472f3c871b3b22fa6204b2dffa594,qwen3_32b,qwen3:32b,task-humaneval_plus-160,explicit_reasoning,0.2,0,20260404,completed,pass_at_1,1.0,220286.47110500606,stop,2325,233,true,4096,False,False,320,8899,7cefd68152d46ca8ce5e65686cc5ae8b9e3ccf2dfbf9eeed3f00c0a686d7c8d7
82dbc39d1550b56b30f577ae37e3160f7e6db8953725f92c165e2bf0e4ee1c8a,qwen3_32b,qwen3:32b,task-humaneval_plus-032,testing_oriented,0.2,4,20260408,budget_exhausted,pass_at_1,0.0,412062.9581930116,length,4096,299,true,4096,True,True,0,16375,de341a0e1720b612206d47136c45f571c708f8cb75b0309de1e5104907ff85ae
b7a101f2752582e6bea30373d8e733cf1a3ad63a18d033f465fdae3989c47a69,qwen3_32b,qwen3:32b,task-humaneval_plus-155,testing_oriented,0.0,1,20260405,completed,pass_at_1,0.0,408681.3070580247,length,4096,174,true,4096,False,False,109,15172,b662de335a225c9275acdf1893dc1a5824eb2912cf9dc3a9966ba379838ed793
81f7c71ddb20a1cab28f0740a7b82eafe2e496c8c3cd5865cf8e2fad20e1fbc4,qwen3_32b,qwen3:32b,task-humaneval_plus-150,explicit_reasoning,0.0,1,20260405,budget_exhausted,pass_at_1,0.0,407298.3332860167,length,4096,191,true,4096,True,True,0,14421,22aa9b8d78d9ef4d7987ded68793dc74951596f8b93d8fa4616243c5850c4f88
4b5a46cf8c887eb753d6f48d3cf93c9bce0e956f8f208a64a3cea0e803f59de5,qwen3_32b,qwen3:32b,task-humaneval_plus-148,explicit_reasoning,0.2,4,20260408,completed,pass_at_1,1.0,94088.89951201854,stop,1032,207,true,4096,False,False,103,2986,2001c25c306377933453f4ca4c5f292d65d391c11cb8feaa8756abbbe15c48da
78193f1ee3a1b76e086b5e63bd189dd9108e9d1d676134db91165d65b08183ef,qwen3_32b,qwen3:32b,task-humaneval_plus-160,professional,0.2,4,20260408,completed,pass_at_1,1.0,365472.4401279818,stop,3706,225,true,4096,False,False,303,14797,f65b5ce8464a71e2655b3daeda6d877c4ac4326db0ad0037b6c529bc6db2745b
f93aa1a2d098904ee16b555a8cee49f9951b9f93bf3c6e492ea14eeac3147a4c,qwen3_32b,qwen3:32b,task-humaneval_plus-140,professional,0.0,0,20260404,completed,pass_at_1,1.0,351342.56374597317,stop,3583,165,true,4096,False,False,362,12123,3fccc18fc3bbb4211e97abb2b2e92404cc030ec9d97fc4a547afb3a8632bf25f
494b9508dfab2282eab9199332206cf7fa5156b5eedc087befae82246c07fcfd,qwen3_32b,qwen3:32b,task-humaneval_plus-110,professional,0.2,3,20260407,completed,pass_at_1,1.0,98621.8022829853,stop,1088,144,true,4096,False,False,294,3938,86470d669b69143eaac94121de8b072b33ace5017c179501e989698a64e3aeb0
45167afa68f2f4ed4eec69d0614fc21212c33a6da75ad793ee3b1f79ff261634,qwen3_32b,qwen3:32b,task-humaneval_plus-153,explicit_reasoning,0.0,2,20260406,completed,pass_at_1,1.0,170931.300405995,stop,1833,170,true,4096,False,False,704,6032,228639c0f6382af1b89a96fecfaa3744c4fdd79cbed6af1450981db30ebaf7c9
cb9fee0103809b790508088d9741bb2418e50ba6b6779382f68bc2496d41a7d5,qwen3_32b,qwen3:32b,task-humaneval_plus-146,minimal,0.0,2,20260406,completed,pass_at_1,1.0,242174.6715719928,stop,2564,123,true,4096,False,False,407,8752,1f01f1b9b3a8be4b11169fb139cbee150512f6979071f059c7c8a4a743a7c12b
86593be4b5e75f605bd4eae4c11791955cff0c370ac5058ea1b4bfa0e6a1a722,qwen3_32b,qwen3:32b,task-humaneval_plus-137,professional,0.2,1,20260405,completed,pass_at_1,1.0,113272.68171403557,stop,1228,245,true,4096,False,False,187,4050,cb7ce1d1699876b39e7b3d456cd95d632cf6b447f0f30ee417823d4326ecdd1f
1ec827dc539b10c17bb16e896e97b30d22b58c0d5d335510f175889bfb0211aa,qwen3_32b,qwen3:32b,task-humaneval_plus-079,explicit_reasoning,0.0,2,20260406,completed,pass_at_1,1.0,153854.8937800224,stop,1652,185,true,4096,False,False,301,5523,4b4baef9a56d805c44ac00272e42a88477ed4f81f61af4c711dea82e8aecf82d
95ffdcbf37ca8b98ea90591da492ea9f198b364b263fdc615b84da06a0503a4a,qwen3_32b,qwen3:32b,task-humaneval_plus-052,explicit_reasoning,0.0,0,20260404,completed,pass_at_1,0.0,210632.3397560045,stop,2230,217,true,4096,False,False,306,7360,1fe48d4ba0018ff56aae2c52adbcd64446a7541f7e7a21bfff5294925326d86a
92c38597c81660065a042b06e15bfc59c0e3c0d09d1a94bc3deae9c0f498bd5e,qwen3_32b,qwen3:32b,task-humaneval_plus-109,explicit_reasoning,0.0,4,20260408,completed,pass_at_1,1.0,139697.46524299262,stop,1515,176,true,4096,False,False,259,4726,f285701e22cbe013b6e1a6a4fed7c24ca70f6d97931d1e908bbb0d71bd5940e8
550b961315e75fb39e2cb37bef0a7a3c739c11b9c286b863d28835d233200973,qwen3_32b,qwen3:32b,task-humaneval_plus-065,minimal,0.2,3,20260407,completed,pass_at_1,1.0,158834.71755002392,stop,1715,150,true,4096,False,False,463,4869,50fbe154aec9661d5a58e48584dd82d3c616d1288143d61942bddc3c3e02e4d1
0aa0a2f87450bda91e2490f4afb9f584bd6fd8d1c5d99c659a11a76925182311,qwen3_32b,qwen3:32b,task-humaneval_plus-112,minimal,0.2,0,20260404,completed,pass_at_1,1.0,125268.57989397831,stop,1361,164,true,4096,False,False,213,4735,1792313580040f217bf6f1964647d1a2d59e0ab7bea43f9386df0d3e3a680b3d
56754cb4dcce1e5f5c9a7466823c1651b864f11d5194afffcf6aa9a10bc9eb23,qwen3_32b,qwen3:32b,task-humaneval_plus-045,explicit_reasoning,0.0,1,20260405,completed,pass_at_1,1.0,88716.5207079961,stop,975,137,true,4096,False,False,75,3156,a865b8067f7131ecd9f751d778d35f1d40692cfd3068abda78156aa5a0cb0ff1
7f6c80a31a901bb6fd5bc31a4bb9499b8b829a534bcbb672027e189aa81165f3,qwen3_32b,qwen3:32b,task-humaneval_plus-103,professional,0.0,1,20260405,completed,pass_at_1,0.0,404747.8336110362,stop,4068,209,true,4096,False,False,291,14626,c5dc3c17f04cdf7b1901be94fbf6f9be28c69904bfd57f5cff5966a8018c9cd8
26e01fbf68dd7b5392be0b452d784f38069836adf208cd007e770d6011f29cf6,qwen3_32b,qwen3:32b,task-humaneval_plus-064,professional,0.2,2,20260406,completed,pass_at_1,1.0,75403.69779802859,stop,833,120,true,4096,False,False,231,2765,a304a86f7346cc981d7686a2d5a652a1d335bc157353085481935d0f797c1a98
56b9a295a22bfe5dad6ccef21b3c698c43f86f314a814c99d48668937e44ee12,qwen3_32b,qwen3:32b,task-humaneval_plus-090,professional,0.2,3,20260407,budget_exhausted,pass_at_1,0.0,407058.0261130235,length,4096,158,true,4096,True,True,0,11878,9f901cfb77d9a891dce18a4edaaf97584b07b093b470443d1c29d42f4c54f0b3
95367e9cb1bb2c5661a779b41f0f2010223879562b9c7ce7afc9d3212bb1f9a7,qwen3_32b,qwen3:32b,task-humaneval_plus-021,testing_oriented,0.2,0,20260404,budget_exhausted,pass_at_1,0.0,408277.23624400096,length,4096,220,true,4096,True,True,0,15746,7da672c0b04347b6f4cf6cec89b23cc985ab6cd9466e2c09bce4ca3f9d51ce03
43cb10a0296cb6ceb913e3a08af367aea12e9560530c5b48061480a71efe64fb,qwen3_32b,qwen3:32b,task-humaneval_plus-106,explicit_reasoning,0.0,0,20260404,completed,pass_at_1,1.0,269275.93991800677,stop,2797,232,true,4096,False,False,354,7265,c9ff508e7143b7dabec7eff3847df478d4b36129d4634cac5199200bbff5892b
94c636e064d913a7c749e6d421898384a525d9fd01c787ff94638a5b2e2c0cb0,qwen3_32b,qwen3:32b,task-humaneval_plus-133,testing_oriented,0.0,0,20260404,completed,pass_at_1,1.0,249802.23036301322,stop,2626,174,true,4096,False,False,387,9282,ea7cadb790b6f7082618b26a07a62d4dd883f8d5a8e8828dfab8bf37bfde8733
8e50e79ce0d7f384bd86eb0c78ea8255d3bb9d4febba92871e13b6f38916fa62,qwen3_32b,qwen3:32b,task-humaneval_plus-115,minimal,0.0,1,20260405,budget_exhausted,pass_at_1,0.0,408253.4592880402,length,4096,185,true,4096,True,True,0,15490,60a89a9ea8c9acfa3148cf19de1c0024950929728a25941b6b29834ade6a6f94
22baf763b5b198dcdd9009b37eaddddfb45b7f45b13b2a9e31bceb4063483f41,qwen3_32b,qwen3:32b,task-humaneval_plus-071,explicit_reasoning,0.2,3,20260407,completed,pass_at_1,1.0,216052.3741869838,stop,2288,171,true,4096,False,False,124,8984,0f25927797580ef697ce2f163af5a56b4d076252e9101458662f5b188fcecb8e
3fe4c85e3bca7b79ba6c91b28aba055f2d6659fc1fa412bab1bd9af47aa36d1d,qwen3_32b,qwen3:32b,task-humaneval_plus-153,explicit_reasoning,0.2,0,20260404,completed,pass_at_1,1.0,115201.14084100351,stop,1254,170,true,4096,False,False,218,4065,9bdc83414c8ca3f6d1fd707d59db7860c54f5e242bbb60df03701cf494465dd5
7cb9970abea0261ba28729c2113de042322c3a7bc87894a9b70805048e3f7e83,qwen3_32b,qwen3:32b,task-humaneval_plus-076,professional,0.2,4,20260408,completed,pass_at_1,1.0,91728.64183096681,stop,1007,157,true,4096,False,False,421,3336,fb2adf02fa155039619aeb80f98abcb28e5ebd301050beb549cddf3b085763c7
02b90d69422a2fefd256bc0a3ff7ad0a77a69fccdbdc41dfc1108418c8c4d62f,qwen3_32b,qwen3:32b,task-humaneval_plus-093,professional,0.0,4,20260408,completed,pass_at_1,1.0,203707.4045620393,stop,2162,129,true,4096,False,False,60,8821,c9773d3a8ee41b1134fe8cef41d53d9333b45485642ce8a8834c64666a04d437
b539d41facbada9da4828b7e21d344f93582b190147fa0e3dbca19769decf0c6,qwen3_32b,qwen3:32b,task-humaneval_plus-086,testing_oriented,0.2,0,20260404,completed,pass_at_1,1.0,36384.24011901952,stop,408,107,true,4096,False,False,110,1694,287840b4536d8781657617f63ac0f6aa4d506ba21ffa7492e964277b5e5ad618
2a9320c8ab4eacdd04622879b7465e1b2983bcc6ba794791d569ee23907bb70c,qwen3_32b,qwen3:32b,task-humaneval_plus-010,minimal,0.2,3,20260407,completed,pass_at_1,1.0,328228.02438103827,stop,3377,168,true,4096,False,False,273,11696,b998f71ecf297cb86768c8c9497a829ca03239288a55f1fb794d6c7af298897c
c218e1b2252d721d68341d39ca9593b65c57769a8f5ef6f734d770c22284b501,qwen3_32b,qwen3:32b,task-humaneval_plus-118,minimal,0.0,2,20260406,completed,pass_at_1,1.0,87738.21990605211,stop,965,133,true,4096,False,False,312,3434,5e52d71869145e0923725562712bcff9a416deac8630a69d72012cee95c1dd86
f9ff6c8656214288de635c936d8e1d8bfe6edc1ffe3e04f1d694defac5579643,qwen3_32b,qwen3:32b,task-humaneval_plus-007,minimal,0.0,0,20260404,completed,pass_at_1,1.0,267748.4904709854,stop,2792,192,true,4096,False,False,147,8463,d6de11f0602b74e262990363cc48c4a353988734e381ee78f335500e09633b03
dc0ee4d2cce2b2d9aa60c68490b5320c228833c0dd387dab02fd7d1676156710,qwen3_32b,qwen3:32b,task-humaneval_plus-129,testing_oriented,0.2,3,20260407,completed,pass_at_1,0.0,140145.04242601106,stop,1509,276,true,4096,False,False,145,6005,9c0953ec1bcbffda409e504b931294bb366eb04cfe6ce955f883c5e495e312cf
a0765ca0bb9c4015dd3da67ca4abfdec96587c0395d27838ce2ee8bff7aac84f,qwen3_32b,qwen3:32b,task-humaneval_plus-092,testing_oriented,0.2,1,20260405,completed,pass_at_1,1.0,199484.2499010265,stop,2051,200,true,4096,False,False,299,7202,07f9184dd9c4ed9246648bf3c65ebc7ddeedbdaf2570a0c2f37c38574e4b5a21
9e76322db7af59f6c15b729b43b4a0be566c4bbe9cad9f26eea0a7a0afce3117,qwen3_32b,qwen3:32b,task-humaneval_plus-162,explicit_reasoning,0.0,2,20260406,completed,pass_at_1,1.0,85574.01776500046,stop,895,173,true,4096,False,False,389,2361,77b7e6fbba76a4c328eff97c8b667e0158c10bf1e05a99546ddfac7eee55771c
284b3854ad2a8bc40996e6f0f18209ecab0cbaa7792a7f5e9b3ba9035be95dc7,qwen3_32b,qwen3:32b,task-humaneval_plus-025,explicit_reasoning,0.0,2,20260406,completed,pass_at_1,1.0,60374.69881802099,stop,625,162,true,4096,False,False,171,2392,08b3d9b7a482ab7737381256ea94eab894544412d4b1fe2d33d97e395623637f
d98a661be270179b5f819774a703088c84381943dad1027186ee3945280b2ff0,qwen3_32b,qwen3:32b,task-humaneval_plus-114,testing_oriented,0.2,0,20260404,completed,pass_at_1,1.0,33217.74217498023,stop,367,104,true,4096,False,False,143,1305,ff1140e5e567253becef811b4388a0a4cdf83aaec86846c867191d6f785d2e1f
78769720fc8f5bb77948c9bf6702220618f892c5736e0655e6ee01c602f14dd1,qwen3_32b,qwen3:32b,task-humaneval_plus-097,minimal,0.2,0,20260404,completed,pass_at_1,1.0,202213.2893879898,stop,2097,200,true,4096,False,False,912,7068,dcf5153aa1a90645427aa7a3a547ff048a9284f8c09289f2022c22da63de6734
e87c424fd74cde390a003c2630d412b036f879e81b224c48242ef1d076ae68b1,qwen3_32b,qwen3:32b,task-humaneval_plus-066,testing_oriented,0.2,2,20260406,completed,pass_at_1,1.0,102875.28102000942,stop,1107,159,true,4096,False,False,130,4139,14d5654108691c0ce50e962783c82bbb934cb585cf4f5c97a57423ab7c955adb
8808f359974082bd91ed7f87a21c6e0b231c686784775fc8fd3f4748768b4be7,qwen3_32b,qwen3:32b,task-humaneval_plus-052,professional,0.2,2,20260406,completed,pass_at_1,1.0,357391.9377879938,stop,3564,209,true,4096,False,False,440,11451,68d7e9e30925c98c1dfa3e232ede56207ee60bbe08674015cb31abcf8ae830e4
dd3154789f973fd6c78f876b9b9316e08de1ba3e061a77ee5ba0b5a5fb9ea250,qwen3_32b,qwen3:32b,task-humaneval_plus-005,minimal,0.2,0,20260404,completed,pass_at_1,1.0,311807.7444190276,stop,3049,158,true,4096,False,False,59,12521,103650e29192157991b59eeaf6ab2fcc10f8a3b0bcf0651239cfcf6db8e64c99
8d92f9de63525b70df101c9961ca100e20d6ab2e80cc2f16bbedbee7bbefc692,qwen3_32b,qwen3:32b,task-humaneval_plus-008,testing_oriented,0.2,2,20260406,completed,pass_at_1,1.0,164790.05236696685,stop,1635,165,true,4096,False,False,267,5517,627f899a42d5e113cd98a86e50e4d73f9863e03418b1bd04d18835404dc97cd9
de5dbaddfc8df930062c71e74c543ff6c354e6da1953020b4274d7a367f1f096,qwen3_32b,qwen3:32b,task-humaneval_plus-073,minimal,0.2,1,20260405,completed,pass_at_1,1.0,323400.1794370124,stop,3045,148,true,4096,False,False,493,9940,ae1f9cb3ab23fc1bbad9cd98bd185da7341baa39b2a84810071d28ad1e56a3f3
05a513203321ca6333aa6fb14e0bed86d6b34a5f6be55dbde4d6b52e39c510dc,qwen3_32b,qwen3:32b,task-humaneval_plus-063,explicit_reasoning,0.0,4,20260408,completed,pass_at_1,1.0,437456.0849769623,stop,4064,189,true,4096,False,False,168,13835,192550c4cd42f17a69297134fac6d8830fadf9e785e8b8a1f29458245b0e0d7d
d0bc51fb89937fca720879984b65f77271d63faee8cd0b5da812ea99789971c3,qwen3_32b,qwen3:32b,task-humaneval_plus-073,minimal,0.2,2,20260406,completed,pass_at_1,1.0,203540.2649640455,stop,2168,148,true,4096,False,False,198,7146,75f17edd75276a20e2ec081ad0c79e88dc8e6fa1d360c493d4320ef71e00943d
49d423a8ccaf0c57cb76453f14f3b41753552d09de905e48a5e62f721337a76a,qwen3_32b,qwen3:32b,task-humaneval_plus-157,minimal,0.0,1,20260405,completed,pass_at_1,1.0,262626.49841298116,stop,2734,177,true,4096,False,False,167,10093,edc01fe6ba154497dd84a5a1ce910714925972c8362b29c4918929b45dbd135b
5abe8bcbc0dc25c3c7dca5d9897b721206b087af79a924a653e9c34fadcc8021,qwen3_32b,qwen3:32b,task-humaneval_plus-057,explicit_reasoning,0.0,1,20260405,completed,pass_at_1,1.0,111130.97541994648,stop,1193,247,true,4096,False,False,145,4432,17af2067ea37f3751c141cf175bd59bf9faf1df201239077de2765c3b110277a
7b4e2451642453e5b0825dc1f8d4641394fb477feae43bf768263c880068bae6,qwen3_32b,qwen3:32b,task-humaneval_plus-157,testing_oriented,0.2,3,20260407,completed,pass_at_1,1.0,375063.9922430273,stop,3590,185,true,4096,False,False,185,13191,20ce60f183dc290d793e26d2c596b4d5d79ac030206bc3f15300ef38e969a92d
82dc2774c1b53ab8925d1b92135b5dd05d1b9122a8af4844c24e671142513537,qwen3_32b,qwen3:32b,task-humaneval_plus-159,professional,0.0,0,20260404,completed,pass_at_1,1.0,447749.4387549814,stop,4015,379,true,4096,False,False,441,12355,ef3e7fddc38e494a5cc2a27eaaa2bef386213485b73da1fc8c9dcb4bc6ae4bde
11dbe7e0d6f2fe9a577e74891a97b3f63374278fb4a2fa04b90c9363e90e7760,qwen3_32b,qwen3:32b,task-humaneval_plus-030,professional,0.0,0,20260404,completed,pass_at_1,1.0,346955.3609309951,stop,3345,341,true,4096,False,False,607,10371,20b0114479c996aca7c506c95215897a5021f88edeb1cc756a9ccb36702b86d3
d11e1c60539cbf829307caddadf802d1373bc7c22a32c7fe81a4e7edeb450e10,qwen3_32b,qwen3:32b,task-humaneval_plus-148,professional,0.2,3,20260407,completed,pass_at_1,1.0,101513.24504497461,stop,1051,199,true,4096,False,False,103,3430,ee1be4d9a06d48a48abd555a95e42bd0e4739370da1c5be65e309e16af5472f3
5a8c1442511c12e06a7d13f396a53ef38231a5b35bc60f4a1150b72f7719acca,qwen3_32b,qwen3:32b,task-humaneval_plus-002,testing_oriented,0.2,0,20260404,completed,pass_at_1,1.0,303527.7167520253,stop,2999,165,true,4096,False,False,423,10862,59de6a5701d917a54de8970fc24ae04a12dfefcb6d19dd5ed3e713030ae953a1
ef56acc4c337f0f445fb25e6465cf145f6270d272e52be48be386783aef674c6,qwen3_32b,qwen3:32b,task-humaneval_plus-008,professional,0.0,1,20260405,completed,pass_at_1,1.0,152860.06058199564,stop,1557,167,true,4096,False,False,455,5213,c530676f2e5de84d65a878eaaac0eab9ab0b1400194abbda6fb7eb92af7e2879
a477813c51aeeb7ef1d2cbf93cb1bd00884e545896948c92728ccbe4e2ec7e4d,qwen3_32b,qwen3:32b,task-humaneval_plus-146,professional,0.2,4,20260408,completed,pass_at_1,1.0,147598.33912400063,stop,1510,133,true,4096,False,False,361,5280,68e435e4895951c921b5d79591732e28c42ec786c94a76992b0627443751ff6e
4e4842c098147a7132feafbb2982d6ccd3a0fc4c237b3e42378163ee8c8d8309,qwen3_32b,qwen3:32b,task-humaneval_plus-156,professional,0.0,2,20260406,completed,pass_at_1,0.0,398166.49459901964,stop,3821,159,true,4096,False,False,195,14960,0be7c58ae5a24b9beea4aacba2b80993b209267c9e324d58a317d066461ced96
23b455bf869f5a439fdab6ba2b1c73aed498f2b7bb9d7d3354132d5f2a8eabaa,qwen3_32b,qwen3:32b,task-humaneval_plus-063,explicit_reasoning,0.2,4,20260408,budget_exhausted,pass_at_1,0.0,431133.0927259987,length,4096,189,true,4096,True,True,0,14830,70825f41ffed8acf036f47eb2982ed7763061e7ae105efdbd8fd295fde3d3bf0
a7151bf8632bb0fc8ab0903a7a90ed82677ea20077783b3ebaffe9ac0efc25e0,qwen3_32b,qwen3:32b,task-humaneval_plus-163,explicit_reasoning,0.2,0,20260404,completed,pass_at_1,1.0,98344.03483697679,stop,1024,132,true,4096,False,False,187,3208,8cfd7734ce9dea2f1232f34112d6408a39fe9ff53ea42ebedf3ad4af6fafc6fb
3a062e3b33a318132c5586849a915a691edf7a4a062f6ce2b60415794e30a400,qwen3_32b,qwen3:32b,task-humaneval_plus-062,professional,0.2,3,20260407,completed,pass_at_1,1.0,200632.03015300678,stop,2011,329,true,4096,False,False,405,7638,03f02b9a1b78346817feea687cc5c54110ac368ffb48a972dbd6f76a8d5a4e9e
9b43b2c51c9b29a45e2f104ba72639d68402be4c1d23d01313cad76906a38ad9,qwen3_32b,qwen3:32b,task-humaneval_plus-157,minimal,0.0,0,20260404,completed,pass_at_1,1.0,211374.9407819705,stop,2215,177,true,4096,False,False,179,8008,9207751fd205eb6ebe99e495a3c90bcb9f92d85b884d70f20432a7bb8268df01
e7fdb4242bdbbfab6005ef08cc6ea8dbbb1d9131965e100c4f195c4ac3f585f6,qwen3_32b,qwen3:32b,task-humaneval_plus-065,explicit_reasoning,0.0,2,20260406,budget_exhausted,pass_at_1,0.0,412218.20403501624,length,4096,168,true,4096,True,True,0,11016,2944b1b8347c9b1305b30edb7078200d2a4a9259a3723cd91f68858bc493cbff
b1093f3e30c82333072ab98389be22b858c62468b7cdefabbe4e767215173737,qwen3_32b,qwen3:32b,task-humaneval_plus-149,minimal,0.0,2,20260406,completed,pass_at_1,1.0,105944.26703901263,stop,1159,97,true,4096,False,False,254,3629,bec28944440f2194f9a4cc19b4e30bf9ad60beb66a4c1a1aa77e37847b77b645
59a25f7eb7160de2322be95b19c30081ccd920634725fedf4d2f8a5c9b108ed4,qwen3_32b,qwen3:32b,task-humaneval_plus-114,explicit_reasoning,0.2,2,20260406,completed,pass_at_1,1.0,55373.12009802554,stop,605,114,true,4096,False,False,143,1978,bce8485fbfa47325db3ca0696dc695d74aed9ae59bb3a5d82c74c715a5dcf420
6793de18d2e82598ccb5b6c3536f76bf10c63c4fb752759d7779e3acc65b7a95,qwen3_32b,qwen3:32b,task-humaneval_plus-150,explicit_reasoning,0.0,2,20260406,budget_exhausted,pass_at_1,0.0,413997.811133042,length,4096,191,true,4096,True,True,0,14987,a15a5203dcb3891b2eebcce78acb56d8d8d34deba0f8a2098cff2789bb755c85
cfaa199f5b9a688b081b023ef20ef8666a118a4578c13a26e68b2b3cfb05d92e,qwen3_32b,qwen3:32b,task-humaneval_plus-078,minimal,0.0,0,20260404,completed,pass_at_1,1.0,214015.58666996425,stop,2244,208,true,4096,False,False,485,6852,a354947d678c4758392794a6016a8de1ecb3449882138ed851dcabcc072ea99d
d952fc5c20066d7db04f6271a6d5cb20773a8013aa01b67dedba827992b8d1ec,qwen3_32b,qwen3:32b,task-humaneval_plus-009,minimal,0.0,4,20260408,completed,pass_at_1,1.0,363840.57877003215,stop,3601,321,true,4096,False,False,435,13100,888b4809fe5ebadff878b97e9728fcf5a90ce3a7e1fcccfc6e8076ff039a679b
1e5ef479502e3905ac552df0b0ce3707ce318f7ca69de15eb2ecbc414874f183,qwen3_32b,qwen3:32b,task-humaneval_plus-097,testing_oriented,0.0,3,20260407,completed,pass_at_1,0.0,269075.026564009,stop,2769,208,true,4096,False,False,471,10402,8cbe8f72ae2dad9048655073a4dd01f7ec55e09e2dbe870d5a0f26350558a2f0
f9cf06a5d7513fb3d742092b9489e668c37a97dc0067db160cc96b5d156267ea,qwen3_32b,qwen3:32b,task-humaneval_plus-049,professional,0.2,3,20260407,budget_exhausted,pass_at_1,0.0,416377.35919700935,length,4096,266,true,4096,True,True,0,15384,1637fd3fd900144f086bb5b36fa2431f7bad52af505c09481fae12f2c532c2a2
a3c7c9dee588f2be6fa1d4a1ebf74f1f25b9a016416e9350d4064bf9ef79ae10,qwen3_32b,qwen3:32b,task-humaneval_plus-089,professional,0.2,2,20260406,completed,pass_at_1,1.0,59898.584121023305,stop,654,170,true,4096,False,False,276,2014,66373f8cf41414549c150062be96fc20768af945efdb0f51d9baea6d7152e845
11c08a6804aac1a3191ccabb035317cbb419b0ba4bba5a8d4f775b24a4f142c9,qwen3_32b,qwen3:32b,task-humaneval_plus-088,explicit_reasoning,0.0,3,20260407,completed,pass_at_1,1.0,90707.52461999655,stop,981,179,true,4096,False,False,214,3612,d95ce91fe1d7aec230be16253fb79722b41c5a3e6bdc19a8be94f0e565b7431e
f2f52eb274d0dc313a36072aa761e466c7c8134ecb8693dd08ffaa730bfa5692,qwen3_32b,qwen3:32b,task-humaneval_plus-075,professional,0.0,2,20260406,completed,pass_at_1,1.0,229568.56022495776,stop,2383,140,true,4096,False,False,305,8946,f334911ec95cdf94a3b32ba3db32741c43c84884597376133637af08847eaeff
179031c03178725ca3da1182894b5cfeccde1026e59647487a360fb3167c70ed,qwen3_32b,qwen3:32b,task-humaneval_plus-081,professional,0.2,0,20260404,completed,pass_at_1,1.0,38791.4766750182,stop,425,95,true,4096,False,False,167,1563,49689d14d5bf58b4a3cd8e585cb49b2a8782616ff4e0d9dd5d924a820f238ca4
b3978e12c24e2b895a69172f8d2139b9282f094d839c1e90fc70f3a25c524c48,qwen3_32b,qwen3:32b,task-humaneval_plus-121,explicit_reasoning,0.2,4,20260408,completed,pass_at_1,1.0,104286.28010296961,stop,1122,172,true,4096,False,False,851,3699,52f0c6fa7e526ca0918414f1340b6a07d141e4f329560180c6fc9356b7e1f573
38f41a97cdd55a258f8ae1cb17cfd7160b0eb5623066ec016d05fd0f6b5a00e1,qwen3_32b,qwen3:32b,task-humaneval_plus-023,testing_oriented,0.2,2,20260406,budget_exhausted,pass_at_1,0.0,415126.90552702406,length,4096,199,true,4096,True,True,0,14691,6af37eaac1b383cb070f331caf56f248cdf10efd0d58fcc3caa2250e70338d9f
28631d89ce64ee16ea110d3eac0476b429425197d9f71828b2d02882a884f6fd,qwen3_32b,qwen3:32b,task-humaneval_plus-116,explicit_reasoning,0.2,2,20260406,completed,pass_at_1,1.0,132540.94113601604,stop,1422,115,true,4096,False,False,288,3772,1ec4b6e1b716de714cb32d17873b7399eab1c7a16d675e67286954e0c6034100
9b519b037d2eaa7f15435384ec9392ea62b948955bdd63c759399f619944c930,qwen3_32b,qwen3:32b,task-humaneval_plus-146,explicit_reasoning,0.0,1,20260405,completed,pass_at_1,1.0,117720.32962500816,stop,1271,141,true,4096,False,False,407,4456,98c759b77a8ff86807f94f0d382b052ad46aea80298a2545cb758f8e26e481eb
f7ce378cd4995543697a5ef2723d399014bbea2071a91cdf101f2f8855127cee,qwen3_32b,qwen3:32b,task-humaneval_plus-024,explicit_reasoning,0.2,2,20260406,budget_exhausted,pass_at_1,0.0,414135.69275004556,length,4096,228,true,4096,True,True,0,15923,c33eb6ee89ed74ae17c89ebb0b31b784dae1a911ecb94d0f42977e7d40d4d8f4
2d7d24b9662ec3322269e1b8b79dcbe25cae2886d5fb02d29d3a7485f2981331,qwen3_32b,qwen3:32b,task-humaneval_plus-069,minimal,0.2,3,20260407,completed,pass_at_1,1.0,56733.54618798476,stop,619,112,true,4096,False,False,326,2259,81a1fea9de311c057478ea1c7731796c83c07eb0f04b75deeb6156b2785b674e
9d433c6de1dc7eefde6c2d733e6aa6aa80253d06bea902fc067758b37e69c258,qwen3_32b,qwen3:32b,task-humaneval_plus-117,explicit_reasoning,0.0,0,20260404,completed,pass_at_1,1.0,100783.00126601243,stop,1091,152,true,4096,False,False,270,4198,2447cddd660bafa509c4075344f5e4604e722fcb2ec48c965c5cfb58c5cb5899
9acf80dabd35ace48b836e53b27e1456be4c7092a82ca7c7ca2c5f300cf26350,qwen3_32b,qwen3:32b,task-humaneval_plus-104,testing_oriented,0.2,2,20260406,completed,pass_at_1,1.0,256905.32404801343,stop,2641,147,true,4096,False,False,504,8546,9a0f02bad67f1045b564415127ed5a23892f4287f92ea5e5410d7c3f4cf7694d
68517da92de2a5bbca21560deb2ff319db4fe73ec0c7c9c7e7740f9c55cb0e78,qwen3_32b,qwen3:32b,task-humaneval_plus-145,explicit_reasoning,0.2,3,20260407,budget_exhausted,pass_at_1,0.0,417889.5669889753,length,4096,330,true,4096,True,True,0,12932,ed0aa4dd5ecb5074d496fca66427fce2d5c2a96c9eca87c8ba8c4c152727dd0d
aba94543453850292a32eeef8943c452cd912096dd4c23f5459f2ea3ae2fac75,qwen3_32b,qwen3:32b,task-humaneval_plus-114,minimal,0.2,1,20260405,completed,pass_at_1,1.0,34872.776922013145,stop,386,96,true,4096,False,False,143,1206,f6cd77b01448c9e4e44fb6bdec342422fcdcece9a23b3c0977a4e2afaab774d7
48ccdfbf4e07e3a1828a024de9ea05c9355929064715cf32d1deea34dc930a64,qwen3_32b,qwen3:32b,task-humaneval_plus-106,minimal,0.2,3,20260407,completed,pass_at_1,1.0,291342.8565119975,stop,2986,214,true,4096,False,False,741,7371,3c0f59b96a9801193688196c828050e6570f8fd71c46c243b544880043ed1b62
e196e7560f680807cba1b1c4a9fbe2446d8e0ddd198ae9df34fc735f04565a07,qwen3_32b,qwen3:32b,task-humaneval_plus-061,explicit_reasoning,0.2,0,20260404,completed,pass_at_1,1.0,59909.29825702915,stop,647,290,true,4096,False,False,92,2058,2837a2571e8fbba671a28ab074ddcdf026fbc22cdb00087d818c41d8c9f8f013
17c436f158c1be55581c876cc16f2ad5040dc45b81a24613c6cc9deefce26cbc,qwen3_32b,qwen3:32b,task-humaneval_plus-159,explicit_reasoning,0.2,1,20260405,completed,pass_at_1,1.0,262934.6675010165,stop,2687,387,true,4096,False,False,468,8563,f15644d0a2399faf6a312ff1380128060d503f63c181495341bfbfbf82ab737b
0e299896d8a97f65cc588fa3c33b1a07e47cc1738e36c70a11747e0aa26c6f0a,qwen3_32b,qwen3:32b,task-humaneval_plus-162,minimal,0.2,2,20260406,completed,pass_at_1,1.0,78748.07520600734,stop,854,155,true,4096,False,False,64,2586,6b83d38771aca6089c583ba53169fdb90dd217adefcdacb497d7e85b765252aa
1fba0c9f0feb4f159acedba8856a0636320d0265bf206ae9906fe599ac4fbee5,qwen3_32b,qwen3:32b,task-humaneval_plus-086,minimal,0.2,4,20260408,completed,pass_at_1,1.0,34106.3090430107,stop,376,99,true,4096,False,False,254,1414,bb73ca709a9fd76c5551d223e1e6f6160373c7b028727f7b2a5e0da92eb0e232
f3bf8d07b97e5bef2ffa4add3f1aeb96f8c995e646665caa709ff7954a8861c8,qwen3_32b,qwen3:32b,task-humaneval_plus-090,minimal,0.0,0,20260404,completed,pass_at_1,1.0,191159.83704599785,stop,2010,148,true,4096,False,False,568,5497,a72fd2e4f60b162d0752db1ce5bee799d9886f59fd5e64560a834b9a3d5d10bf
b6a819a61899958fa178183aa727fec2223af6c9df024b2520512d4d45530d0d,qwen3_32b,qwen3:32b,task-humaneval_plus-037,explicit_reasoning,0.0,4,20260408,budget_exhausted,pass_at_1,0.0,415744.98669302557,length,4096,295,true,4096,True,True,0,13414,2bef1750f15d2a643f67d5943326f277ac7ea37148127829164a6a72f992d423
0e17ab902ccf2df01eeaa82ef5f81270848de02485dd4ab714420b03b544ebd7,qwen3_32b,qwen3:32b,task-humaneval_plus-005,professional,0.0,4,20260408,completed,pass_at_1,1.0,88873.27863497194,stop,971,168,true,4096,False,False,73,4150,f7c437481feec519735872b021ff608738a33395e16efc0205931e96570a1f4b
1c740c9d9f6d3ad5c4b76e1aa7f4411ebd401571c15fffb093fa6caf8307ef5a,qwen3_32b,qwen3:32b,task-humaneval_plus-009,professional,0.0,1,20260405,completed,pass_at_1,1.0,227052.13400698267,stop,2353,331,true,4096,False,False,427,8181,b80220e62ee4ae5e7b1d95580078024fe3edb5cfe09480a0b0c258f2c975bb53
ccb97b66501057426de6226a4840b61889ee7493d78c0d6b283be75d2f989781,qwen3_32b,qwen3:32b,task-humaneval_plus-096,minimal,0.2,0,20260404,completed,pass_at_1,1.0,307049.234081991,stop,3128,165,true,4096,False,False,189,10158,96623f494cd09dac1f3e15fdd6df15a7caeebc0e2c28b1d8d4b9892ec021556b
c2439c83b45f3cfaa7d5a8df0becec6e51aa468f950e8a7eb4b2da15516a9ff5,qwen3_32b,qwen3:32b,task-humaneval_plus-048,professional,0.2,0,20260404,completed,pass_at_1,0.0,133143.58021202497,stop,1425,158,true,4096,False,False,140,5776,b81904bc770339a0445d9eda2f4293e06274d421ecd140028c11cc8ef289e93b
d32afe60e35b1f65285b8423ff1fcbd138d1d0da7d5779395e32330d2f8a2688,qwen3_32b,qwen3:32b,task-humaneval_plus-033,explicit_reasoning,0.2,3,20260407,completed,pass_at_1,1.0,190618.16527304472,stop,1992,314,true,4096,False,False,502,6702,e3aefdc700a93df86400c3ba4226f528620d212b81b90f0815352b9573eddb27
8444da95271f78706a40a0d6d909f6df40d37182e25d9de4b72ff329edcdbbd6,qwen3_32b,qwen3:32b,task-humaneval_plus-008,explicit_reasoning,0.0,0,20260404,completed,pass_at_1,1.0,138227.6074300171,stop,1473,175,true,4096,False,False,420,4740,d0c6dd131da1cfd815ab40d53fa0687eb9b356f973dd2d03e67a1f936f379785
861e3f63b8b05a736dc9d1cb4328ff240a916717910db07379f08d517ff588e0,qwen3_32b,qwen3:32b,task-humaneval_plus-054,testing_oriented,0.0,4,20260408,completed,pass_at_1,1.0,278850.2380630234,stop,2871,179,true,4096,False,False,294,9708,883a24a419de367d1dd688dff1d3e9d5880a6d7074842ec07471bf192ba80b9e
42c74ff2d91a588d5e5baf836ab029685f2355343395dcc52724d2129393b647,qwen3_32b,qwen3:32b,task-humaneval_plus-108,explicit_reasoning,0.2,2,20260406,completed,pass_at_1,1.0,61246.018402976915,stop,675,131,true,4096,False,False,283,2612,a7f2dfe03c38c2d656f0119195e501801fad409c103ba230dd6cdd385d5156ff
ac2373623724dee2ff176b98d4f05a9272cfb7897b4429af3ed73ef3b9f24beb,qwen3_32b,qwen3:32b,task-humaneval_plus-005,professional,0.2,3,20260407,completed,pass_at_1,1.0,74586.1006170162,stop,812,168,true,4096,False,False,73,3392,05f8a80a06c27b29dc840b80a23467bcd3dd9c67bed10deb9d3168523ce9cdb2
17804b5c51c1bf2ea46b2319aae8225c1092fc540d8223de96f22b1d588fe9f3,qwen3_32b,qwen3:32b,task-humaneval_plus-109,professional,0.0,2,20260406,completed,pass_at_1,1.0,283626.6925689997,stop,2900,168,true,4096,False,False,225,9337,231b220504242836a82cbfa65bd3fd91e5d4054fc79ebbfb5a423bdc3f651373
a2401eaa3f2e1493cb3b3eb66ba4177e4c21a39e60627e822aaa9ed34d51afb6,qwen3_32b,qwen3:32b,task-humaneval_plus-078,explicit_reasoning,0.0,0,20260404,budget_exhausted,pass_at_1,0.0,413952.90810696315,length,4096,226,true,4096,True,True,0,14728,1a0bc5f524dfcf13aa64a98951841eb56d36c65411f5fc7447a6f6a57216a809
f95f3db22b6dec1d39c5650810926effced6662c99d457ce4c299ee8d2ef07cf,qwen3_32b,qwen3:32b,task-humaneval_plus-132,professional,0.0,3,20260407,completed,pass_at_1,1.0,88118.14494803548,stop,956,145,true,4096,False,False,392,3502,3210385e38fc6843ce6fe60ef171492f3abcc775d2a4b64f29913f6564f93cdd
6b478c77f23039b0a7683224201a6f46f876ffda5529b60d6c7d1b289a0f2117,qwen3_32b,qwen3:32b,task-humaneval_plus-050,explicit_reasoning,0.2,4,20260408,completed,pass_at_1,1.0,140234.84927299432,stop,1493,231,true,4096,False,False,247,4410,e5bd2c050c597c4db6c847ebc749b5aec0d0215ea74f1fdf27375f49d1eec2cc
3842a279e47b93b392317c000c75920cc5b889f35b234c868d9359df6e3963e5,qwen3_32b,qwen3:32b,task-humaneval_plus-137,minimal,0.0,2,20260406,completed,pass_at_1,1.0,103671.76845902577,stop,1110,235,true,4096,False,False,187,3564,427e68e39803acaba11bcfc5db98dc74330132bb259847b3d3cfe6af494beadb
a94469a6acddedb820a3f804599925d9cdfd6176f044375babffc54ec3a1897b,qwen3_32b,qwen3:32b,task-humaneval_plus-009,professional,0.2,2,20260406,completed,pass_at_1,1.0,133267.9153230274,stop,1404,331,true,4096,False,False,307,4856,1289ab364f8650471e17c44fdb46216da2b47e3868b9568a52d3a0d810d97b63
dc16758c84da3b674a206aa42827ea395cdf7d58f5774e656dfba33904dd1f49,qwen3_32b,qwen3:32b,task-humaneval_plus-112,minimal,0.2,4,20260408,completed,pass_at_1,1.0,140791.89790197415,stop,1499,164,true,4096,False,False,568,4800,b7ffe56083835aad30845b5ebac061257349438e57b281888a5775013128be04
43a027a3dc832a5d3bb3f473af0949b4593ab015e5f29600d8dd68ece7acf7dc,qwen3_32b,qwen3:32b,task-humaneval_plus-106,minimal,0.2,2,20260406,completed,pass_at_1,0.0,413878.34303302225,length,4096,214,true,4096,False,False,80,11822,3ef4d3f1496a3d56531ac2351f528dbb9ec237289c089cde5db57e8c22df81a6
0aa6d5b31733c5a022af5948ae709bb38a7fde8b6e713657aed5abeebe2ded20,qwen3_32b,qwen3:32b,task-humaneval_plus-139,explicit_reasoning,0.0,2,20260406,budget_exhausted,pass_at_1,0.0,413822.0282520051,length,4096,202,true,4096,True,True,0,13622,b12314a4ff20c8674b833412225ac14ee483d8913a09e1c44472e6b1c8927469
c8b136b0849bb73279a5f4ff4a3342940e9d99fc7d10de7e58297bb425dc4727,qwen3_32b,qwen3:32b,task-humaneval_plus-126,explicit_reasoning,0.0,3,20260407,completed,pass_at_1,1.0,259327.6988499565,stop,2662,186,true,4096,False,False,637,8702,196605c8e178c0c1d38ddf51bbaf3e78d141c4bc9b8c922ca030c72c6eaa978d
a4c9ae7fc41eed4f8890f2ec49b642371b1f929e45c19f2485eaa8583319029f,qwen3_32b,qwen3:32b,task-humaneval_plus-132,testing_oriented,0.0,3,20260407,completed,pass_at_1,1.0,69030.42687801644,stop,753,143,true,4096,False,False,392,2885,819f22de3d1661015e5e668edf22ae65b849e474bc7359fe0c95e4ae958cbd28
9bf0c9523c431dc2699672fa9120b4e84a8a9fb6de51e434a19711ebe90e4442,qwen3_32b,qwen3:32b,task-humaneval_plus-139,professional,0.0,0,20260404,budget_exhausted,pass_at_1,0.0,413113.5282299947,length,4096,194,true,4096,True,True,0,13604,9656efdb4cdf4ea2dd7dd001267ae0ef91d85eac3b6d3b95d41c2d3e5ff1901f
ad77e4f38228faff87fbc386b8d92fd5a042d99573dad38d3f64a9ac96391b2b,qwen3_32b,qwen3:32b,task-humaneval_plus-042,testing_oriented,0.2,1,20260405,completed,pass_at_1,1.0,148356.38900799677,stop,1583,153,true,4096,False,False,139,5303,232cbf29bee3611afc951cc21949d02e9be9b6bab592d35b14c42c1664e16d69
422b3daffd04a9528078586153382193339e60e6155b2c348a9346f7c0b4a52e,qwen3_32b,qwen3:32b,task-humaneval_plus-001,professional,0.0,3,20260407,completed,pass_at_1,1.0,221144.7647200548,stop,2305,176,true,4096,False,False,299,7845,e76ca434a05626a22c00e7a5ecff374d70cd9991612bafe08bfab3d7e8e2b5b8
566110d85a9e4137eb19394b580cd447c1446c67debbe104ce854b82ea8d12d4,qwen3_32b,qwen3:32b,task-humaneval_plus-041,professional,0.2,1,20260405,completed,pass_at_1,1.0,390636.97354402393,stop,3904,189,true,4096,False,False,236,15230,04ea6148b64b453e02d75b3909f1b24c00e3f433ff6169daf4b8ece868d8b678
883c7414a575ea36dbe150dc88b6da6a6570f1f0192b395ee37ffbf7acc3df3f,qwen3_32b,qwen3:32b,task-humaneval_plus-003,explicit_reasoning,0.2,4,20260408,completed,pass_at_1,1.0,383423.44380600844,stop,3818,202,true,4096,False,False,501,13731,e7617dcc29fe48113b3a849507f0f33c811cf3e7557da0819486441ec4ca5c16
3bdf78cd09f02daaa59ceb620a0cc8bed8a3b46b2089a01bcb8fde751a58dd0b,qwen3_32b,qwen3:32b,task-humaneval_plus-075,explicit_reasoning,0.0,2,20260406,completed,pass_at_1,1.0,215536.36691905558,stop,2255,148,true,4096,False,False,304,8734,ba70475ac49a3b008a3a6aabfd08c6b9c5ae959dae0d4430748a877d658f78ec
db0aa04c9c91d27108a81f398bc07f6c8cf1f659e4df1db5addf5444015667ab,qwen3_32b,qwen3:32b,task-humaneval_plus-049,professional,0.2,4,20260408,completed,pass_at_1,1.0,293768.5022370424,stop,2979,266,true,4096,False,False,402,10399,ea457823086e5866afc738d83ce91e03a0e1d1b60e11e0f8d93884244c105b21
b90ad1ce65e1d1fc5d716efb73b810dd8fc89b065e579d2d0a04bafa3584c97b,qwen3_32b,qwen3:32b,task-humaneval_plus-048,professional,0.2,4,20260408,completed,pass_at_1,0.0,351407.95350598637,stop,3542,158,true,4096,False,False,374,14036,14e03761f0741962a6d930e486796ad89cd6e2febdc56d81bece2e7bd0fec52e
eb679cfb5229a4c2771ba7ca01fb86612773dfc2cf4cc18a34d2f2232e983ed4,qwen3_32b,qwen3:32b,task-humaneval_plus-077,minimal,0.0,1,20260405,completed,pass_at_1,1.0,76960.1157809957,stop,837,127,true,4096,False,False,374,2808,e5f8537b7955e1a9e9dd67e7f73c4a967f319523eff40668ed5446cf1c4ee777
f11a70ad382ec28b354fbd7b92debf755e7aaef4401856db98941b79f25b33c5,qwen3_32b,qwen3:32b,task-humaneval_plus-098,minimal,0.0,2,20260406,budget_exhausted,pass_at_1,0.0,413168.74541301513,length,4096,141,true,4096,True,True,0,14027,ce41c3694aefda14d044260db17d489b4fc13ed8ee554ce3242d88bd09259d00
1901e53f7cfec493242ec9301568066264d30242d305fb64b5ae707271fecb84,qwen3_32b,qwen3:32b,task-humaneval_plus-065,testing_oriented,0.2,2,20260406,completed,pass_at_1,1.0,235963.34839001065,stop,2453,158,true,4096,False,False,469,6957,fff4a0e8fb4d97c1665cb807f71729b5b4de427daa13cf616f15e85f2c03e3e7
026cfd5168d958aba3a9a8048fd26025acc19a087a22723349b911bd1c806b58,qwen3_32b,qwen3:32b,task-humaneval_plus-091,explicit_reasoning,0.0,2,20260406,budget_exhausted,pass_at_1,0.0,416579.5197469997,length,4096,321,true,4096,True,True,0,14009,e78f0e53cf448b23e8a5fcca3dec8440271f1a38b449bb575ac996e6cd5a9604
559753cd55015a82386e71f69f8226773b08545a9dbe624f21a2f17d0826f967,qwen3_32b,qwen3:32b,task-humaneval_plus-139,explicit_reasoning,0.2,0,20260404,completed,pass_at_1,1.0,273316.54401595006,stop,2813,202,true,4096,False,False,237,9517,0a7106e5720d4c3be2a7ff46fc9bfe3d2e4ff29d39e38418d49172ee4755e007
2f48c4dfda0872f7a88c4413d9753fb8627caf16ad742cc272c32cdb1b2b7c96,qwen3_32b,qwen3:32b,task-humaneval_plus-144,explicit_reasoning,0.2,0,20260404,completed,pass_at_1,1.0,120343.29962404445,stop,1295,181,true,4096,False,False,188,3938,d7c5d848fd2a8f45e05da12b98849ad507eec306a06542912a41315f22650e63
d927e470bfadf1dd1582a57341a7e316f60598dadd1e9f779ea38572816e7d78,qwen3_32b,qwen3:32b,task-humaneval_plus-088,minimal,0.2,0,20260404,completed,pass_at_1,1.0,72428.52075403789,stop,785,161,true,4096,False,False,238,2818,e7546db6934329a79ace208cc4833a03098d8e00a5927a3f50d1a68fe56d95c1
df86fb6bb9d4f33a93883a06b407cc6fd342abfdd479dd0a95388428ef81cebf,qwen3_32b,qwen3:32b,task-humaneval_plus-034,professional,0.2,0,20260404,completed,pass_at_1,1.0,224170.3079380095,stop,2340,174,true,4096,False,False,693,7695,0a4187ad4febd2163e6d326a61d8c4f07e896351ad08b6d2a8127dd3b0f82dc9
49f939504592ff2804382959ec6105df04e1e23212747b979352950c963acb6a,qwen3_32b,qwen3:32b,task-humaneval_plus-016,testing_oriented,0.2,2,20260406,completed,pass_at_1,1.0,337096.28167701885,stop,3404,201,true,4096,False,False,293,14296,56846467f381e843a7ede8218e0e7fb14db05553671918f80bc23dd8d69baf9b
8d3dded1a7cd8ab70b4f09e28b158039d7f8393bd15aabb560c9d71eb0383e52,qwen3_32b,qwen3:32b,task-humaneval_plus-072,testing_oriented,0.0,2,20260406,completed,pass_at_1,0.0,71474.83097395161,stop,783,136,true,4096,False,False,150,3017,ca42cbbfac31d4b6987b0138eed312154246f2f07df25902be41942a2fe53d46
29a5256375744faf2c6195d0aa755153e7155506631ce23b3be8edbdd6828160,qwen3_32b,qwen3:32b,task-humaneval_plus-001,professional,0.0,2,20260406,completed,pass_at_1,1.0,221114.6752779605,stop,2305,176,true,4096,False,False,299,7845,e76ca434a05626a22c00e7a5ecff374d70cd9991612bafe08bfab3d7e8e2b5b8
73f51336bd66c660f253d80bacb6aa5aacca52c03d8d2bae3e1629ce069f0229,qwen3_32b,qwen3:32b,task-humaneval_plus-017,testing_oriented,0.2,2,20260406,completed,pass_at_1,1.0,118267.93262100546,stop,1269,212,true,4096,False,False,228,4693,298c0a0f269eac78696e8ceaa7828dbad896c9ae074bda80125391ae209f6f1f
98b460405d724a2fb1a9ed8e594c42a114e7d8c6b47cd467e6c936326b072ffd,qwen3_32b,qwen3:32b,task-humaneval_plus-156,professional,0.0,0,20260404,budget_exhausted,pass_at_1,0.0,413266.1142849829,length,4096,159,true,4096,True,True,0,16838,ddb11085922c144b60587c794c6d1e7e008886d735b9a0daba80fd544543d133
99e443b7d2b59492cfd7ed7d55ab3a913c1802d3ac14f0f3a53e19db221b7789,qwen3_32b,qwen3:32b,task-humaneval_plus-163,minimal,0.2,3,20260407,completed,pass_at_1,1.0,66452.51867896877,stop,725,114,true,4096,False,False,187,2340,87f76b3e163dee9f8a7842dfc389801775cfee6b4bf22917c975363e33b50127
8ea33564b582517b245b01818f634a5dd2b42caadd761edb1322aec6e16e91c1,qwen3_32b,qwen3:32b,task-humaneval_plus-095,explicit_reasoning,0.2,4,20260408,completed,pass_at_1,1.0,183424.15066697868,stop,1934,144,true,4096,False,False,175,5395,112d8454f2b7861fbe629635912827853c670bec599123c5ed31fefb25ee92a7
17792b13ff9827f27343dc26c32cb6399fb284e37914acdab427f230d293b26a,qwen3_32b,qwen3:32b,task-humaneval_plus-030,professional,0.2,2,20260406,completed,pass_at_1,1.0,257788.69694599416,stop,2633,341,true,4096,False,False,635,8045,1f5b334e31ed25572a831393aee15fd23f47fa4a5d845f26458296c08780b248
14e1a651c681a585b88c3aa570329371e61d685acba2c40ce1ab75f7c7f7a57c,qwen3_32b,qwen3:32b,task-humaneval_plus-040,minimal,0.2,4,20260408,budget_exhausted,pass_at_1,0.0,411482.2345850407,length,4096,203,true,4096,True,True,0,14298,4103ea7fd930960eaef022ae1ed3059799554fd0ec3988abb26c053c50d25b23
3f38176597a373645d69bba7d9105d56033ca2f0419212a265d193df49fc1545,qwen3_32b,qwen3:32b,task-humaneval_plus-047,minimal,0.2,0,20260404,completed,pass_at_1,1.0,75212.45404600631,stop,823,101,true,4096,False,False,279,2611,1cb52ca640bc2b69a4a234e2a444a68aa89199ca0ab28bd0c7f82b3ac4c7d17b
d789972eb9819f647eae060ddff024cf97bf205442e30a2849c8d3964a1468f6,qwen3_32b,qwen3:32b,task-humaneval_plus-052,explicit_reasoning,0.2,4,20260408,completed,pass_at_1,1.0,197590.88752401294,stop,2065,217,true,4096,False,False,426,6389,3a842e50f3d9cad707f620a06bbb969485eb92401c1bcd96983cc3dc7487f2da
05b704fb3e0868faab67329e04ab79e8781bfcfbbc09878778eadb2e02952ea6,qwen3_32b,qwen3:32b,task-humaneval_plus-113,explicit_reasoning,0.0,1,20260405,completed,pass_at_1,1.0,58763.66682496155,stop,636,144,true,4096,False,False,269,2228,68095d559c0cf3fe1b127158e94df1a782bd520ad930f952ba435dd8e684bc44
7145cba85192b9afdb618fa822897444330b6013c0aa67d2fa13fd29d8de74b9,qwen3_32b,qwen3:32b,task-humaneval_plus-119,professional,0.0,0,20260404,completed,pass_at_1,1.0,89440.59274101164,stop,976,175,true,4096,False,False,281,3371,2e4a61608ca6690fcc13196efde80a360df984a7ddf9ce70974b0f1bc9a7795d
1b74637bc0fde94e66d951d0d2b28ccc077949da5ecaa3149a51846bd265c3d6,qwen3_32b,qwen3:32b,task-humaneval_plus-108,explicit_reasoning,0.0,2,20260406,completed,pass_at_1,1.0,54945.75293199159,stop,606,131,true,4096,False,False,283,2233,1c7aa56bf408686b8ddb0f09bef614e4cbacc6343ce03a92860829f6ace26176
412e5e1ff6da33c0214ed6b4f7da0ef81a49c2127d5a39bb78547e0d06d413bf,qwen3_32b,qwen3:32b,task-humaneval_plus-059,minimal,0.0,4,20260408,completed,pass_at_1,1.0,186568.6877699918,stop,1964,132,true,4096,False,False,425,6316,016206fd7ad334887a4576bd0a3b132b0c8a038ee9a4b088ca09f47bff417591
586148d1e75fc585bde8275338ad8cbc5082cfb6ca868a78e09c9b61dc15ae5b,qwen3_32b,qwen3:32b,task-humaneval_plus-009,explicit_reasoning,0.0,2,20260406,completed,pass_at_1,1.0,205422.80271201162,stop,2134,339,true,4096,False,False,408,7266,8a97f8fe5f0ffc2a31ba996d11f1867e1474d701079d2436f7ee87c6d1f05362
7acb556f9778654c50cc9feaa2ab6b5824328c51f797fc09c0c2f190ced35b88,qwen3_32b,qwen3:32b,task-humaneval_plus-022,professional,0.2,0,20260404,completed,pass_at_1,1.0,203448.0582359829,stop,2123,233,true,4096,False,False,348,7613,be53fa69f9ef7760b199c8d13bbaef42dd3ec319f3a0f5c3972b953773c6cd22
78d23fc92a5ef984c128a9656213fdd24c20aee7ed7f725cdc1b6d4c74725229,qwen3_32b,qwen3:32b,task-humaneval_plus-119,explicit_reasoning,0.0,0,20260404,completed,pass_at_1,1.0,88291.09762300504,stop,961,183,true,4096,False,False,281,3245,4eb0015a913c081431c0a6cbecc57579a1ce36810d83a9369aa9ec4cd87b1348
218acff00641848246fb6069036c977e872e062080e0c496c85a00b90e656314,qwen3_32b,qwen3:32b,task-humaneval_plus-077,explicit_reasoning,0.0,1,20260405,completed,pass_at_1,1.0,133342.53714297665,stop,1423,145,true,4096,False,False,90,5178,7ebd27a652aaee195cd770fd7beaf384fecbe0f042cb1001407d8fd4ecf5122a
b32cbcb44000ed5bd9530a6eb8eb86e5c75f4e36988788e19151a1a65858ccd8,qwen3_32b,qwen3:32b,task-humaneval_plus-033,minimal,0.2,0,20260404,completed,pass_at_1,1.0,354870.796238014,stop,3553,296,true,4096,False,False,616,11691,df9937594da0e2914f0194dbeda9fc31e046e22c3d0cafb26e4898c1b56b41c3
5a6b6de1297c92f9086001a19d1dd5f91592be69e12b924d9b5eb61825ee8f2e,qwen3_32b,qwen3:32b,task-humaneval_plus-079,minimal,0.0,0,20260404,completed,pass_at_1,1.0,93850.6613339996,stop,1022,167,true,4096,False,False,301,3333,4233dab6fe80c7328ace5a8fe0005dc7c39f0924ada3575e816a554590762f46
5ea09a274e75bd6f76c18de7d8a600720f263d360a7a652836c5f791aa9a3522,qwen3_32b,qwen3:32b,task-humaneval_plus-005,professional,0.2,2,20260406,completed,pass_at_1,1.0,85039.71723903669,stop,915,168,true,4096,False,False,73,3618,eb69d7bf65bef198c5663f551ae22e251cd1126a1f26f7401b7d0eaaf8b78855
5df893664b8defc3daa85b64ad312d5669d84872ba23b306062618781d863149,qwen3_32b,qwen3:32b,task-humaneval_plus-145,professional,0.0,3,20260407,budget_exhausted,pass_at_1,0.0,416796.4039639919,length,4096,322,true,4096,True,True,0,12501,215a5902181f3a7962e6411406fa346d54c32a0084baa960eba87be00f6a1360
20bb8c4ba29e209b6a884c57eddc0bdbca3eb6671ae3e6d8c55ea0e9f67f6009,qwen3_32b,qwen3:32b,task-humaneval_plus-133,professional,0.2,0,20260404,completed,pass_at_1,1.0,172621.48373102536,stop,1833,176,true,4096,False,False,387,6270,973eb9f293c0b9b8fa1883376c5c314ef4edfdeaf75f31e56203703b1784512e
4e544e45381c6ab2bed7768fdfe06d4da4e7ed69ef9f1e66ed4320ef4ee46fda,qwen3_32b,qwen3:32b,task-humaneval_plus-085,professional,0.2,0,20260404,completed,pass_at_1,1.0,49072.45023397263,stop,541,100,true,4096,False,False,77,2356,cd222edc4ae8cb130e2734a3143e2a20b840f08e136465cdf7e8fabb0ea74eac
56166427eb016a019446fb06c9a226fd260ed0c476dc8aab4d59df01cfce2d66,qwen3_32b,qwen3:32b,task-humaneval_plus-147,testing_oriented,0.0,2,20260406,budget_exhausted,pass_at_1,0.0,411341.8306700187,length,4096,94,true,4096,True,True,0,11146,39a6a1de1fa4716d56bfd9391dc7e6c93cb9e05d50a52ac5ae3ce3aa3f13e7e4
1f7a4ee9ec229f8e5965e4305c9bfe3accad420b6a522ad516550f70e7411290,qwen3_32b,qwen3:32b,task-humaneval_plus-117,minimal,0.2,3,20260407,completed,pass_at_1,1.0,96007.2555289953,stop,1045,134,true,4096,False,False,255,3766,c92833b31597e93482ead6f7c6d0c7c978a63f3499fd4d49212e87a477fceab6
36790415f157b333e5274e3abf52afcb00adc4f42aef2b8fd5ede02b52af36f9,qwen3_32b,qwen3:32b,task-humaneval_plus-036,professional,0.0,3,20260407,completed,pass_at_1,1.0,174651.930033986,stop,1852,124,true,4096,False,False,313,5785,110d3ab7cdf9ece22a0e6c6ba41332f3638a0f6687dd9ca1425aad2c718420d0
11993ecc85c6b79ba12dc85ddc99244589757fd33fe34666169dd8dae378c40e,qwen3_32b,qwen3:32b,task-humaneval_plus-010,professional,0.2,4,20260408,completed,pass_at_1,0.0,186595.11178603861,stop,1984,178,true,4096,False,False,226,6707,f24fefa401891ef425bc2259384a26a3999291ae68fbd61c69a01f6fd5515519
824c819611747e5f019a2caead3c1177fca97c0736c87d6bb7b274065b7232ec,qwen3_32b,qwen3:32b,task-humaneval_plus-156,explicit_reasoning,0.0,2,20260406,budget_exhausted,pass_at_1,0.0,411182.11674899794,length,4096,167,true,4096,True,True,0,16269,62ca72cae93457f5f9ec756164afcef262b432fdbc5685936336e5e9b6be91cf
afd276bd36292ba29c0f360df685a294431130dfa509fb109696ba8d79189b5d,qwen3_32b,qwen3:32b,task-humaneval_plus-066,professional,0.0,3,20260407,completed,pass_at_1,1.0,219224.08244997496,stop,2308,161,true,4096,False,False,130,8406,fa59182f72497f2b0da7085cf7115df6ec112516a9ff1b52d0acbd8eba858342
b05a4069f938ebdc286ee1f8d73c19a63efd28d4e8f91aaa9343a8f870932344,qwen3_32b,qwen3:32b,task-humaneval_plus-004,testing_oriented,0.2,1,20260405,completed,pass_at_1,1.0,87612.0649810182,stop,957,182,true,4096,False,False,74,3127,4004123064fbaf8754d4f2e2e464153a1458f21269f29fa2cbf55ed8e3bb268d
7926b152bb5e314b8bccf3e1c8e1db0df9dcbb08b962efd71d0dbe5699aa8f22,qwen3_32b,qwen3:32b,task-humaneval_plus-151,professional,0.0,3,20260407,completed,pass_at_1,1.0,199419.08693796722,stop,2092,311,true,4096,False,False,280,6889,70ff5f6159d3072c57d38985956270ea14beb1f9217b0890ccbc60f7b7404421
ecc15fa0842e2a5090555273c6f65e1ebd137bc53b38b02f42a7e3e99a7ad591,qwen3_32b,qwen3:32b,task-humaneval_plus-099,minimal,0.0,3,20260407,completed,pass_at_1,1.0,94137.02711998485,stop,1031,159,true,4096,False,False,592,2883,574ece9aca19bb28c3e2effd3271c4bb8f634f2839d9d69b230f7b29b644fd3e
207aa43c129f16624c1f84b8eeff0e610d9bd7ee5fcb91a9dd3bcd5aaea112f8,qwen3_32b,qwen3:32b,task-humaneval_plus-053,professional,0.0,3,20260407,budget_exhausted,pass_at_1,0.0,412249.73346298793,length,4096,173,true,4096,True,True,0,13947,8b30fbccd8740fd1506524d23273c7016b19bb62775f5fa5beb8eb5a99513996
daa2c44a254e1838b3f005d0d1342185a43c2adc42177791b2b94ee7af2db831,qwen3_32b,qwen3:32b,task-humaneval_plus-058,explicit_reasoning,0.0,1,20260405,completed,pass_at_1,1.0,72130.70368900662,stop,793,128,true,4096,False,False,99,2897,395a951d0621924ec10bbcca1156e650f2a5274ff6d06cdfd8a810d615e80dcd
7800c5f0b2f03217c2be3a1c539cc2d95770035096a56d1a6caf420143d6a0fa,qwen3_32b,qwen3:32b,task-humaneval_plus-045,explicit_reasoning,0.2,2,20260406,completed,pass_at_1,1.0,168778.85442296974,stop,1806,137,true,4096,False,False,309,5521,b707937d113e2e5549ed5af35082b14268468f673321401a890354b639a12fa1
513b192226798a1712b27488e37e237039452e414f4913bc7239aa020509369d,qwen3_32b,qwen3:32b,task-humaneval_plus-122,minimal,0.0,3,20260407,completed,pass_at_1,1.0,50972.87881298689,stop,562,146,true,4096,False,False,273,1495,4a8e73a401d8ca17752948f204f7a7805b50400e177e02c3130ddac2dcad1ecd
efae378d19311bdb388c616de0d97b0dbc63637b044922c8ef0903bfbfce61c1,qwen3_32b,qwen3:32b,task-humaneval_plus-106,minimal,0.0,0,20260404,completed,pass_at_1,1.0,374243.5028809705,stop,3764,214,true,4096,False,False,258,9288,fcc9610740a89c56646ab3c717a75d61924f34ac293874cae9ea42ee1d12b6b0
e66aac3bcbd896fcba3a523c6a32d1fcb50ff12eadde34aafe4dd2e4d2401250,qwen3_32b,qwen3:32b,task-humaneval_plus-137,minimal,0.2,3,20260407,completed,pass_at_1,1.0,129057.46734398417,stop,1383,235,true,4096,False,False,187,4627,5c9285610b1b540c2c6f86987ef63b2fe5d100b680c2c65b4591c6395bb120a7
acf3f0a2c2e40150f07dcceebeb083ed56a42e6e4d81b0f966aaffe3512780c4,qwen3_32b,qwen3:32b,task-humaneval_plus-066,minimal,0.2,4,20260408,completed,pass_at_1,1.0,144070.43697696645,stop,1553,151,true,4096,False,False,477,5251,e2451ec87a7967c6bc4cdfdafec6ac92a655c1a941e3feca7fc068d4fbd875d8
dd5fa6718a923daa73b9dcf07efac0809b695f7ba02fc15f9a4910b77f3b0a8b,qwen3_32b,qwen3:32b,task-humaneval_plus-158,explicit_reasoning,0.0,3,20260407,budget_exhausted,pass_at_1,0.0,410325.9858849924,length,4096,169,true,4096,True,True,0,16147,5c8506db15244aa2eb754e998ce19830d49c65e02613701b7bb8f6eee155beb1
d15bc4012c14318ed76577defe6d8c4b9c0514d717554fb669f6369cee65d252,qwen3_32b,qwen3:32b,task-humaneval_plus-021,testing_oriented,0.0,3,20260407,budget_exhausted,pass_at_1,0.0,410126.9900109619,length,4096,220,true,4096,True,True,0,16213,000c2377610704caaf14c7fca9a6cf6df820fa34903d0967654a781878a52dd5
e1e3be2255a192cb11749fa00f4b44e190e1a7e0e37810b574b1cbfa5878248c,qwen3_32b,qwen3:32b,task-humaneval_plus-032,minimal,0.0,3,20260407,completed,pass_at_1,1.0,312004.79121500393,stop,3196,291,true,4096,False,False,554,11901,7bd6c26a90d7f6887763bb1c0b667e1144a3e2554433172cbbbebe6721469de6
e42d9cee0b3b04fd4374bb143971428e2273e4723b8b01b2d0d7b2af9ad6e7e3,qwen3_32b,qwen3:32b,task-humaneval_plus-123,explicit_reasoning,0.0,3,20260407,completed,pass_at_1,1.0,99241.18638795335,stop,1089,149,true,4096,False,False,570,3885,21bcf0ae6721c6a7cc3cdf62301900c321572f3c107c7d3f319a38a27bf31842
3f05c868bb65611fb669babac8f8b4c5d1f70b8e8a9be195e27c9f210fcaf7db,qwen3_32b,qwen3:32b,task-humaneval_plus-062,explicit_reasoning,0.2,0,20260404,completed,pass_at_1,0.0,224425.25506502716,stop,2345,337,true,4096,False,False,455,8985,f763343e451a1bc9579fdb765f9adcbb78badec7b839a5f89b9cd8e41c2524e7
ad50669ec9cff86723500259c06940a6792d5856b19af6b48a59a3da77386d41,qwen3_32b,qwen3:32b,task-humaneval_plus-085,professional,0.0,4,20260408,completed,pass_at_1,1.0,81376.46620196756,stop,895,100,true,4096,False,False,297,3500,075faf3486a8658255dd97e3ffa08972b6d5c0e2ad7dd4e0aceeadf25b54b729
57b9abd8579c756e88ed13c627628f26a31c93d3311b58a310b6ba865c0b0338,qwen3_32b,qwen3:32b,task-humaneval_plus-008,testing_oriented,0.0,0,20260404,completed,pass_at_1,1.0,193376.28619302996,stop,2042,165,true,4096,False,False,109,6913,5b6dff2bb70bbe2c0c3261b8216f0f3c6a8dd67f5824632bd45d9721c3943077
1b3ea3de2af2a6f7c2d7753e53b92c52143858f2226893f3756125b8d69d629b,qwen3_32b,qwen3:32b,task-humaneval_plus-077,explicit_reasoning,0.2,1,20260405,completed,pass_at_1,1.0,55074.8896029545,stop,607,145,true,4096,False,False,374,1889,51f362d04a31cb2865b1dc875d15b2f9a73a09883e8d52d2013c7d003d07d18c
9d2190f66419b5c5a18e76b8cad43620d737a7cde398188ad581c0c29ee34201,qwen3_32b,qwen3:32b,task-humaneval_plus-137,testing_oriented,0.2,3,20260407,completed,pass_at_1,1.0,93985.45763798757,stop,1020,243,true,4096,False,False,187,3210,41f04ed15b858a6478cc473da261a9b9e633190b6f8d55dd376b759d1bf10953
83432c515985e60d43bab5128690176d038cc61de9f052f7bc81763b228cf7aa,qwen3_32b,qwen3:32b,task-humaneval_plus-155,minimal,0.0,4,20260408,completed,pass_at_1,1.0,192604.73058198113,stop,2040,166,true,4096,False,False,146,6940,4fda101c89be2440d940c7ce68c026aca694d732bac91903d2255a7e056d8f36
c32ef1bed12bd2b77bb402f07d6fc66deb8eab239b2acc541540c02e03d55b60,qwen3_32b,qwen3:32b,task-humaneval_plus-024,professional,0.0,0,20260404,budget_exhausted,pass_at_1,0.0,412988.53788204724,length,4096,220,true,4096,True,True,0,15004,34db081a0de39b8bdeaab48420aebc107c4f3206bf8aa32a653cde6aa82979e9
9b21e80243211cd4b4f9aa4af2545c5450946f8a8c466dd39fc538567fb1ea3f,qwen3_32b,qwen3:32b,task-humaneval_plus-162,testing_oriented,0.0,4,20260408,completed,pass_at_1,1.0,81746.67597695952,stop,897,163,true,4096,False,False,64,2563,b0ecb066dc66877b660c2651123cba16fce8d863b8dcc989268d52d3a9bf1a60
ce1439ca93044a90d828552d267156af484d8f7cc6f8e2043f77ae9d257acc84,qwen3_32b,qwen3:32b,task-humaneval_plus-023,testing_oriented,0.0,3,20260407,budget_exhausted,pass_at_1,0.0,410494.6623170399,length,4096,199,true,4096,True,True,0,13385,f334d781af19cdbb52760cb98ad1f2a9735f8e25dad4d12c6230482d6f759400
ad9a4de8d98d6693c9a6ce326e7807341ded0e66a087a61002ad809e7e211fef,qwen3_32b,qwen3:32b,task-humaneval_plus-033,explicit_reasoning,0.0,4,20260408,completed,pass_at_1,1.0,246475.52930301754,stop,2555,314,true,4096,False,False,587,8553,81d9fd998b5508f05d73ff250f9725b4080b8f172a553ce925ce8106ee2dba77
c87fd2f5bb85b5ce185162ee572a8ca6649f2b0a3adb167c88703132766532fb,qwen3_32b,qwen3:32b,task-humaneval_plus-076,testing_oriented,0.0,4,20260408,completed,pass_at_1,1.0,119012.39649695344,stop,1288,155,true,4096,False,False,421,4675,374746e8f61dc57dad6953b80b48732d65368b1955aed0cf84bd09d00d9b87d4
e783bc0cf3252f90521dbb2dd693431b75fb09986c78e390ec08db69354b0e6e,qwen3_32b,qwen3:32b,task-humaneval_plus-118,minimal,0.0,0,20260404,completed,pass_at_1,1.0,96171.67713597883,stop,1052,133,true,4096,False,False,312,3899,e695967dc955b039355dbb7ff3f3fc5b0008e12c077121a3d504e9947793d99a
eab03128c4a8a892b4308e190afaa8881613dffd88b6773c90bb28d36093dae4,qwen3_32b,qwen3:32b,task-humaneval_plus-069,explicit_reasoning,0.2,1,20260405,completed,pass_at_1,1.0,65227.60426905006,stop,721,130,true,4096,False,False,181,2699,62fcbd6b36a08061ede5d642895b4054505dae32a3b044596e47c0feac27a66b
982f40dae79f85eb6ecb0df4a41789fabf5e5592ba12e8ef7f360239792beb39,qwen3_32b,qwen3:32b,task-humaneval_plus-038,explicit_reasoning,0.2,2,20260406,completed,pass_at_1,1.0,108389.53014399158,stop,1166,134,true,4096,False,False,222,3973,ffb02f04be828f5a52fff0b525421fd9e36888be52b76502e1a537951c36172c
4e1a3d839258e885cc148ee5601a67cc811e0822e722d47b91787e677e7ac111,qwen3_32b,qwen3:32b,task-humaneval_plus-003,professional,0.2,3,20260407,completed,pass_at_1,1.0,203285.8787830337,stop,2077,194,true,4096,False,False,810,7051,c992bdf21973e69bab962d716a95761714bea6573ec84ce7432c313326c8312b
c09bedf610ce47bbef9ac992077adf10a2bfe3939ad6951c7412e69631cdb26a,qwen3_32b,qwen3:32b,task-humaneval_plus-132,explicit_reasoning,0.0,1,20260405,completed,pass_at_1,1.0,114246.97456200374,stop,1175,153,true,4096,False,False,392,4663,a400b0304d4644f8dc37cbbf7a8f30af6ebf3e5a216c4890e82cd872e7e921f6
8d0024aeed20b9f156b758d6c62db26223fd22c573795235d4de4e20982d4a2a,qwen3_32b,qwen3:32b,task-humaneval_plus-159,minimal,0.2,2,20260406,budget_exhausted,pass_at_1,0.0,428496.3598130271,length,4096,369,true,4096,True,True,0,12104,036de0d2cd40613e7ea00f68c4c9bdae762e0aaee37ed02cfe09054b774c6b3d
2adedf88faa9eb2bc1a8b8f9ebd5aac5d965fe60334819f915a2299762b97139,qwen3_32b,qwen3:32b,task-humaneval_plus-035,testing_oriented,0.0,0,20260404,budget_exhausted,pass_at_1,0.0,423440.8783019753,length,4096,446,true,4096,True,True,0,16848,6b8ff76ae8116afd5f54fbc1c74d868e1388292be020c4f7f38273e140c410fe
1e32305223ed3630d07c739681b2b0ed2e5845b992cdac75dd2304b22021e613,qwen3_32b,qwen3:32b,task-humaneval_plus-117,explicit_reasoning,0.2,3,20260407,completed,pass_at_1,1.0,94296.4851949946,stop,1045,152,true,4096,False,False,263,3839,2dac78e043fac0457259334016231e0185f4e5061db42d8fe4a0e4a5182f4e8a
b95c00f0e00f3abf4058d4bf54d78947f17b1aa22a2c80590c820e17ff8e7881,qwen3_32b,qwen3:32b,task-humaneval_plus-105,professional,0.0,4,20260408,completed,pass_at_1,1.0,60659.246358962264,stop,662,98,true,4096,False,False,172,2435,44864e03298134bf3ea1f4d12223dd9f5581c8bbb1341e4c63992ceab7caf03c
b00eb684b57f8a3e76f4636a9af2108e9fa2f1e810046f8b2ea2441e4a57586f,qwen3_32b,qwen3:32b,task-humaneval_plus-012,minimal,0.0,2,20260406,completed,pass_at_1,1.0,299913.63911598455,stop,3030,170,true,4096,False,False,884,9382,d7720de0b8d9513cfccfecf6fecaed1d474594b4b25dd832e5121f2a33dfd07d
d5ba3ab1759655b16d1818aa1314bb8b1bd5d9d99df50acc9f4f0afd623c2493,qwen3_32b,qwen3:32b,task-humaneval_plus-145,testing_oriented,0.2,3,20260407,budget_exhausted,pass_at_1,0.0,419718.2526009856,length,4096,320,true,4096,True,True,0,12291,847befb1b68a5821e892da640a678c23f8c9ca03038f1acd9cdc18dabdc1ee84
457443400283477267672344a47310c836a47c9b9fffebde623e8e2c8f1e9903,qwen3_32b,qwen3:32b,task-humaneval_plus-085,minimal,0.0,3,20260407,completed,pass_at_1,1.0,40087.389844004065,stop,444,90,true,4096,False,False,219,1805,143191c16a7c4eb9e24ddece53236885d66c32268247e3443582d98958e75ca5
146ba3e2180cfcffb8569b6aab86603d51fa1b27035282035e1d377f496e13b5,qwen3_32b,qwen3:32b,task-humaneval_plus-071,explicit_reasoning,0.0,3,20260407,completed,pass_at_1,1.0,184174.34086400317,stop,1964,171,true,4096,False,False,124,7670,382be8f2f62d744f3bae3280de80b8ef3bc12d4368a8b9cee5070c425fbff0bf
82a94162283a64b9bc675dce4ba18a8a018752684ad16234d04e3c5289ebcbf7,qwen3_32b,qwen3:32b,task-humaneval_plus-021,explicit_reasoning,0.0,2,20260406,budget_exhausted,pass_at_1,0.0,406837.3340779799,length,4096,230,true,4096,True,True,0,14712,6a6410f96ad25b5cd63d01302b8ae75f2ec3f025a179a90625206956531ccec6
5b36295f34812c664842ea78e17e1158967207dbc9fc5aa68137560fcb30ee2f,qwen3_32b,qwen3:32b,task-humaneval_plus-026,professional,0.2,3,20260407,completed,pass_at_1,1.0,267008.4006609977,stop,2766,275,true,4096,False,False,714,9609,4a97462a426943d2b6589869d10adf604765405774d9c0873e758971e628497d
c20666dc7fd2b85094ef073beed743512aaa165854f0eeaf36c5e39295f67c3c,qwen3_32b,qwen3:32b,task-humaneval_plus-056,explicit_reasoning,0.2,0,20260404,completed,pass_at_1,1.0,251805.8368230122,stop,2617,271,true,4096,False,False,371,9058,341d995077d07debe9a1c1e42b550a995d60c82d5d4417ab9df1df7b1d37e412
687a1a1d6099838411de24d188ed696a72213d14ce7ac5f9678035b18bce9b08,qwen3_32b,qwen3:32b,task-humaneval_plus-097,minimal,0.2,3,20260407,completed,pass_at_1,1.0,234664.20853097225,stop,2466,200,true,4096,False,False,779,8597,3964679f05594755c0691cd0176cf579628e6f7e9afb571a065d0ef5438fea94
1ea8cdc2fc132fb76ade779e69392acaa6cd71687288c4da0db2c9a34ee0ff7d,qwen3_32b,qwen3:32b,task-humaneval_plus-017,testing_oriented,0.2,3,20260407,completed,pass_at_1,1.0,135305.66126300255,stop,1480,212,true,4096,False,False,185,5407,95d674cda12d41b45ace06e252ca37c3a8cc40bf62143552ea5ea7c54054505e
ba248a4b42dbfd2ee9d8d25cfb4a9bbccc2d57319390ec4e2bdec7c123d8bcfe,qwen3_32b,qwen3:32b,task-humaneval_plus-039,minimal,0.0,2,20260406,budget_exhausted,pass_at_1,0.0,407925.4892030149,length,4096,176,true,4096,True,True,0,18310,3095b1e432b28156f9d53369651a534f5a5fa99175285701a117b76f0f332aa3
aceb15c88ee0d298848d1b26993021e4e4604e50f20a0833639df84a836b7c6d,qwen3_32b,qwen3:32b,task-humaneval_plus-114,minimal,0.0,3,20260407,completed,pass_at_1,1.0,22770.870306005236,stop,258,96,true,4096,False,False,143,706,e5e9f096ec324fa0d14d99b3d408dda38c73b1b849e34e26ec737bd866e43d30
55a56956d70a83c2101ed2b17e40a6057f0144980104b7e97856116bab116092,qwen3_32b,qwen3:32b,task-humaneval_plus-003,testing_oriented,0.2,1,20260405,completed,pass_at_1,0.0,405408.1525519723,length,4096,192,true,4096,False,False,135,14407,1344251aa095088cfcc2467f92c22d99e27bcbbd769935dbd93bf8877b84080a
93d48ff7d6c5970a27b0dcede060dd898d87bb50217d9f52f77eace977290f81,qwen3_32b,qwen3:32b,task-humaneval_plus-129,professional,0.0,0,20260404,completed,pass_at_1,0.0,166528.0331459944,stop,1797,278,true,4096,False,False,187,7499,fce588e8eb99a091936ffb7ee1cf669848a6b3732c8952c6fe9817e89f0f204a
5bf84c99eaae53e23438c63e40e1e5d20fc5632a5c0735d4b1fdeb7f9ca29a8e,qwen3_32b,qwen3:32b,task-humaneval_plus-021,explicit_reasoning,0.0,1,20260405,budget_exhausted,pass_at_1,0.0,405445.6504029804,length,4096,230,true,4096,True,True,0,14516,84a722802940886562b6d1d0999a4279f2dc273dc1555c39fbd31d9b51f76d4f
af96d387826d0616c1ed4843d115264feaa256f09505d1156885e319030a5ad1,qwen3_32b,qwen3:32b,task-humaneval_plus-040,minimal,0.2,0,20260404,budget_exhausted,pass_at_1,0.0,404833.4324469906,length,4096,203,true,4096,True,True,0,14468,0c7ecd28ac75692c50299f5da21bf87916067d80814594c93628e334258682bb
b6086a6cdc82f8188eeee2218118096d53a909ef682bd6722b72963f812d5de5,qwen3_32b,qwen3:32b,task-humaneval_plus-032,professional,0.2,0,20260404,completed,pass_at_1,0.0,406955.6571210269,length,4096,301,true,4096,False,False,685,15242,67cac1562c6acb4156a1a69f8a02f0fd8d3cffd0838f657a8c06a3acbc5aa660
a7d84e7fcf563f04f5789a7412b24479c76328cfbbc51c0e823983aa6892d31b,qwen3_32b,qwen3:32b,task-humaneval_plus-084,testing_oriented,0.2,3,20260407,completed,pass_at_1,1.0,138820.1083560125,stop,1521,134,true,4096,False,False,212,5922,f7e53808efbe85c782081c5a6cc0395ec257233c4aee03eb2dd6f5fe0dd63d2b
8530eb3f24e7e42f5e88c7aad15900193f95e0f8a3f96281ebd4a8b1cbd0324c,qwen3_32b,qwen3:32b,task-humaneval_plus-150,explicit_reasoning,0.0,3,20260407,budget_exhausted,pass_at_1,0.0,404657.64254599344,length,4096,191,true,4096,True,True,0,14421,22aa9b8d78d9ef4d7987ded68793dc74951596f8b93d8fa4616243c5850c4f88
b982cb5e5e765451a7d345d9c9ca1988831bfc5df0818100e6dc2e540d3a5a72,qwen3_32b,qwen3:32b,task-humaneval_plus-137,professional,0.2,3,20260407,completed,pass_at_1,1.0,93605.41761398781,stop,1033,245,true,4096,False,False,158,3299,cdb43ffc0a618f34bc232cd2c8b107411d69e7e131e0ecb1346ddf64cf417806
ca7b29957e1d51dcaa55ea820454623539b6a95113d9924ddf2cc0ff7b6e9181,qwen3_32b,qwen3:32b,task-humaneval_plus-007,testing_oriented,0.0,4,20260408,completed,pass_at_1,1.0,365920.0518290163,stop,3738,200,true,4096,False,False,165,11447,6783cd3f2ad07ce5c5fc64ea5678c093f2c46c11af323df26d1b918e49c403cd
86adfadc47571f4295db978333300507f0363ad4163d7c812889bbff283dd351,qwen3_32b,qwen3:32b,task-humaneval_plus-032,explicit_reasoning,0.2,0,20260404,completed,pass_at_1,1.0,342184.2509449925,stop,3510,309,true,4096,False,False,264,13740,daff36e89b8066b54259a7a557321fe045003d3b3ba6fe292744a08013f7dd60
131b8fdc52726f519afa9f0605e6561eb3a7a5b4a0e2460ce4ce0a597de71350,qwen3_32b,qwen3:32b,task-humaneval_plus-015,explicit_reasoning,0.2,4,20260408,completed,pass_at_1,1.0,337076.9885460031,stop,3469,257,true,4096,False,False,220,12573,85e08eca0fd03c868e466d86df0cef42d3a54e13b3e4359f73969d06e73c6b42
b0992dce0ab0e0ec350e76501ba3a46bd9edc6dc96ee3736addaf95fb758f1fa,qwen3_32b,qwen3:32b,task-humaneval_plus-147,minimal,0.2,3,20260407,budget_exhausted,pass_at_1,0.0,404040.57434096467,length,4096,86,true,4096,True,True,0,11002,a78ec68775e723042402e21c96985d8e2c5f8622fe7cda6661f60883a508756d
9d0f189e3863d84cb97bd8de52fe64ccdd7dc8892f7f5215a2076c7165f42180,qwen3_32b,qwen3:32b,task-humaneval_plus-046,explicit_reasoning,0.0,4,20260408,completed,pass_at_1,0.0,129599.2061640136,stop,1423,157,true,4096,False,False,154,5141,446748aeb3e35ada94edb683570109fac9bd1aa15caf2de3436420d92ef0a5e6
060c36720f1dcff184f71951ced01a9812a001a02c1aec6678b71dc12a6c6006,qwen3_32b,qwen3:32b,task-humaneval_plus-161,minimal,0.0,1,20260405,completed,pass_at_1,1.0,305882.49864196405,stop,3186,197,true,4096,False,False,434,11093,690059fea61fb8ccded09399695f8a8b1b2d61eb9b01bcd70eedd0e42b895c6b
adebedbf8e9f121429c3b27ec4ce0d765e5a4789a5c50aaab832f761bb5458bc,qwen3_32b,qwen3:32b,task-humaneval_plus-097,testing_oriented,0.0,0,20260404,completed,pass_at_1,0.0,268581.60038403,stop,2769,208,true,4096,False,False,471,10402,8cbe8f72ae2dad9048655073a4dd01f7ec55e09e2dbe870d5a0f26350558a2f0
4a75513c1d333e209d0a4249bacec3f309b2363c48c42363226c82714a22e4d5,qwen3_32b,qwen3:32b,task-humaneval_plus-012,minimal,0.2,3,20260407,completed,pass_at_1,1.0,304408.63766400435,stop,3072,170,true,4096,False,False,382,10272,772d22af78ecd098122f2ed626b84f18ba020be0dc1ea491fb2bef8596c222e4
e55d3b6721adb0546f6233a568ba37bcaa68a154346a20654441391774c255da,qwen3_32b,qwen3:32b,task-humaneval_plus-155,testing_oriented,0.2,2,20260406,completed,pass_at_1,1.0,262254.61953599006,stop,2648,174,true,4096,False,False,172,9239,384547de5bcc8497a7810ac3b3aac0d08f3d405d98bf36ec9054ccb5593b421b
c6ca4c60e033662726bba39eb070b231a05d24c575d5e1d3bc1389f4ecfd5fdb,qwen3_32b,qwen3:32b,task-humaneval_plus-145,minimal,0.2,2,20260406,budget_exhausted,pass_at_1,0.0,392934.94410700805,length,4096,312,true,4096,True,True,0,12385,ad3948f33ee31f429d15e5ed261ad5ace71601996b6bc44dad7e35a69ac0d815
9d1aa21b06d8a324bcbbfcf8a445392e67c64fc8694277d8f6abf6aa0df32d76,qwen3_32b,qwen3:32b,task-humaneval_plus-050,explicit_reasoning,0.2,3,20260407,completed,pass_at_1,1.0,151799.92816399317,stop,1644,231,true,4096,False,False,239,4637,a90cec0b868aa5f620bcdb6184fe3c226d042af574da5b29a4b45a036cf39d82
a1b0c77d0df7f69a501f5ccfbe1c3d911a558c80acd84d13e85cf0b279bcb057,qwen3_32b,qwen3:32b,task-humaneval_plus-094,minimal,0.2,4,20260408,completed,pass_at_1,1.0,48364.64226500539,stop,522,129,true,4096,False,False,214,1649,554a075eae468635bd72d114f4c8dad829163ce4ab8f200245e5f8d587640770
36a91dabe48c673ef168b1f944bdd12d5211c9e01965062adfffae79afe18810,qwen3_32b,qwen3:32b,task-humaneval_plus-058,professional,0.0,4,20260408,completed,pass_at_1,1.0,75393.02529199631,stop,844,120,true,4096,False,False,99,3098,94a41de8f67bc934d496e0e97c515adb7cb70d17071bb156d04a6478dd5cd836
0db322b919013dd7b99fe882f6fe67beff33b223115905c28cddc75c6601e0a9,qwen3_32b,qwen3:32b,task-humaneval_plus-057,minimal,0.2,3,20260407,completed,pass_at_1,1.0,219587.78711099876,stop,2259,229,true,4096,False,False,121,8400,5f685dbbe5acd236fe223ae944c8c50e865fe9daae2c5fcc762ee241518cbabd
37a66ceaffc86391df99ab8d6d11e1964eeb675672528614f989d70e45eba367,qwen3_32b,qwen3:32b,task-humaneval_plus-049,explicit_reasoning,0.0,2,20260406,completed,pass_at_1,1.0,275051.0895389889,stop,2757,274,true,4096,False,False,476,10315,a21fc378e2d65f2cec54edefcaeed29f3a1326363054649dedf3e6e7ff10ea69
b60147a0867c3e6fbbd89ccd5aff910b60d649330ed4d4c076c50078f5534b28,qwen3_32b,qwen3:32b,task-humaneval_plus-044,minimal,0.0,3,20260407,completed,pass_at_1,1.0,284461.34542601067,stop,3003,183,true,4096,False,False,367,11014,586be44ced292280e9ea9e8fd84e0af62eb7ae3c93c4c800e089c48be8435dc8
5bd215d6f50614dc0f00dc2f886fa69688ef6409add651b2ccb414a59ee45958,qwen3_32b,qwen3:32b,task-humaneval_plus-048,minimal,0.2,0,20260404,completed,pass_at_1,0.0,280040.21178299445,stop,2971,148,true,4096,False,False,142,12964,494153c260f0bbcc27764460de5ac2eb9c22b537c7785636657973361d535904
37957b1093ddfb0c8292253ccc0732a636cb4d802d9036c3504a198fa76c867f,qwen3_32b,qwen3:32b,task-humaneval_plus-134,explicit_reasoning,0.2,2,20260406,completed,pass_at_1,0.0,311283.6657609878,stop,3369,183,true,4096,False,False,250,11300,707ba2cc4168895a1a8f7646dd779c08c87775c5ca75a3cc1ae1b1323d491d12
a4ff550bfea384873f60f12b96a31581aaff2c911f88201d0940459781de10f9,qwen3_32b,qwen3:32b,task-humaneval_plus-100,explicit_reasoning,0.2,3,20260407,completed,pass_at_1,0.0,285624.36894798884,stop,3098,219,true,4096,False,False,591,10912,26fb2284f4a8106cda9f52c98754cd5c8f7026f326306abe5f06cc6991fcfd1d
4770632ff21c143bae44aee37fe1dce477bc28429569e762734751997d884c97,qwen3_32b,qwen3:32b,task-humaneval_plus-109,testing_oriented,0.0,4,20260408,completed,pass_at_1,1.0,213360.8805230033,stop,2302,166,true,4096,False,False,63,6713,499b5c0f595faca068b06a7c182a5c1b7712f74551a41c41c81e3e67339b0828
3cec722d07e98f21633dcba9f70b2dd241142a018bb100f584b27fcbf63ef947,qwen3_32b,qwen3:32b,task-humaneval_plus-109,explicit_reasoning,0.0,2,20260406,completed,pass_at_1,1.0,140044.51552699902,stop,1602,176,true,4096,False,False,259,4916,9202e0ea6ec314f92301084c6caab491c9b7853990e834bd78804ecbbca30323
c9d75c8404b826912071cbd72fbcc6c8edce2fc755949bc1015d36485b375123,qwen3_32b,qwen3:32b,task-humaneval_plus-091,testing_oriented,0.0,2,20260406,budget_exhausted,pass_at_1,0.0,389372.22934399324,length,4096,311,true,4096,True,True,0,16659,599e1fd538bed275108fad28d213b0ba594a23a11a1fca62ac72bf7ee8d9ba5d
acf9650c3e89dd2612109fa2e2142557ead0d61904ddfc585d31800b2d199888,qwen3_32b,qwen3:32b,task-humaneval_plus-153,explicit_reasoning,0.2,3,20260407,completed,pass_at_1,1.0,206417.42313800205,stop,2297,170,true,4096,False,False,697,5866,fe599dd257d5d831fd4ac98a719fe6567702874b3c33fc5ce70a6c97d114ae39
12f26a839ce73e2fb838072103567d8ec14eb6dbad6714b98864ebff329710be,qwen3_32b,qwen3:32b,task-humaneval_plus-142,professional,0.2,4,20260408,completed,pass_at_1,1.0,59593.85879400361,stop,696,199,true,4096,False,False,193,2217,cb9b9b29d7b4fbc29f83ed6de13f675f6633ca1a6bc7373135f32002f74aed67
5f17dfdbc4406368ae3a853a7ed7eaca37ca80f1342ef9b1f498fec5d8b18d52,qwen3_32b,qwen3:32b,task-humaneval_plus-064,minimal,0.2,3,20260407,completed,pass_at_1,1.0,72646.60135700251,stop,842,110,true,4096,False,False,343,2695,630c96bdf1802d2ad9e07a9740265f7c242046cc97f9ed5e4bd9f2f914babca3
46fff3c8425fe94e9cc9f539182ad790fb7305f5fc9d9dd5dfee6e4a0db0a913,qwen3_32b,qwen3:32b,task-humaneval_plus-139,minimal,0.0,1,20260405,budget_exhausted,pass_at_1,0.0,386070.8398459974,length,4096,184,true,4096,True,True,0,13596,47d1526297aa6ca198b09ad6d3593345b70240272ad26fa24d2309fc086dc115
1aa43a729dfd11aadf51b76c8eaf8c506d40aec09c9c2add399c05433b05994a,qwen3_32b,qwen3:32b,task-humaneval_plus-111,professional,0.0,3,20260407,completed,pass_at_1,1.0,127036.67913400568,stop,1453,143,true,4096,False,False,426,3844,e77946ecfdca0b6077eec9a8afece6ca2292b9f275c656ebfe20765cc863dc4a
722185c9e6c996ff10a7ff63ee47550162c837b52d7f2e7a699a6c0d2d5a0e15,qwen3_32b,qwen3:32b,task-humaneval_plus-066,testing_oriented,0.0,3,20260407,completed,pass_at_1,1.0,136462.4064009986,stop,1548,159,true,4096,False,False,477,5418,06173feb7ede111f2e6ede318d3a6a2b36618128abcf24718667654e7b61212c
3863b7324fedeba40aa5f243477c25a8f6a6a052c8138f9b5e037d0639898dc7,qwen3_32b,qwen3:32b,task-humaneval_plus-152,explicit_reasoning,0.2,3,20260407,completed,pass_at_1,1.0,104594.15526199155,stop,1198,263,true,4096,False,False,284,4030,841bc767f1d4a0dcb96517e1219240eee482dddcec174fd1cfe436ae326c368e
0667d517cf7946f91a3db1db342126b240988b5d02c18293b80e6dfb53443f47,qwen3_32b,qwen3:32b,task-humaneval_plus-109,minimal,0.2,0,20260404,completed,pass_at_1,1.0,77682.83857600181,stop,905,158,true,4096,False,False,259,2611,bf9eb75f36bcc4b0d0f3b8af7c7825938f4f379a567b658fe0a4b10e168a8ef7
22db2a3e389b34cbda23149c310fae8785d4d4ae2c37e9b408acb7f6d00d852e,qwen3_32b,qwen3:32b,task-humaneval_plus-072,testing_oriented,0.0,3,20260407,completed,pass_at_1,0.0,131171.57293099444,stop,1453,136,true,4096,False,False,348,5683,8e49deba4fd400698322147658a6c73a30daae1bcb55386131cedb04d5db5c02
8d2a46e2469bec320e66083b98b01269742a4d314dc2f0eb1591bdee249e2250,qwen3_32b,qwen3:32b,task-humaneval_plus-071,professional,0.2,4,20260408,completed,pass_at_1,1.0,154879.95125599264,stop,1740,163,true,4096,False,False,124,6599,18e5c5817ede64cd041423c305e9c1c06e2dcda3ebf793921ba94b820195c679
c898d662e5b249c07338083586567c3147bcc9ee0913e8cd6130b759542d8b89,qwen3_32b,qwen3:32b,task-humaneval_plus-047,testing_oriented,0.2,0,20260404,completed,pass_at_1,1.0,81563.12192798941,stop,947,109,true,4096,False,False,196,3044,9868180ae6e407effca71c3f1310e4f0b0fe677d2a405f7ac28810b31689922c
aa04b4bad60ce9432f069154a6cb4253e1749f7b724d1cdf13466433bbe26ab1,qwen3_32b,qwen3:32b,task-humaneval_plus-139,minimal,0.0,3,20260407,budget_exhausted,pass_at_1,0.0,384163.4807090013,length,4096,184,true,4096,True,True,0,13944,c799432feaaaaf83720acba817a2a0d10e02f5b8474a48b7e9ed895389c9f928
a8d056a9bc45fcff08a447e77763400245095c1f23ea709478ce2d7e24b7650a,qwen3_32b,qwen3:32b,task-humaneval_plus-067,professional,0.2,2,20260406,completed,pass_at_1,1.0,334133.8315039902,stop,3598,172,true,4096,False,False,98,13927,c37f9e4c6463a32fbee9e340a534ef0ce2407a036fdc93df94ac37bf88ce8209
e407b52b932b10576ddde56574adc6b0cecbf80b0c63321b480d49b3503ee4cb,qwen3_32b,qwen3:32b,task-humaneval_plus-023,testing_oriented,0.0,4,20260408,budget_exhausted,pass_at_1,0.0,386979.9756940047,length,4096,199,true,4096,True,True,0,14445,140c72be21314de94b87da41d7f8470c00e7bf6bcf1fb07c93aa5d10e00cf9b6
781975c0042acba187dc4ac02357e644a4da221a962b389e679852722920e90a,qwen3_32b,qwen3:32b,task-humaneval_plus-120,minimal,0.2,2,20260406,budget_exhausted,pass_at_1,0.0,384091.8373320019,length,4096,111,true,4096,True,True,0,12430,2aa6162a8533e5abe618c91574b752b218c60c4c3c3f6c4544f16f20f9f5036d
354b309cf7161c6980d29a2d3443a1c19bad98a32ea23c7a6165168be77574dc,qwen3_32b,qwen3:32b,task-humaneval_plus-092,testing_oriented,0.0,3,20260407,completed,pass_at_1,1.0,171204.22901699203,stop,1906,200,true,4096,False,False,704,6459,19d47a83593474e1db84a8076616c929bc11cfae3e804cb7cf933756cc126e98
42070eedb65a1c31404a279dd5801608dc754778f6857d9f02e9c66b491a6fc5,qwen3_32b,qwen3:32b,task-humaneval_plus-065,professional,0.0,0,20260404,completed,pass_at_1,1.0,330807.7086050034,stop,3518,160,true,4096,False,False,469,9137,a62797460ab61fce78bb75cfda6ebf6166205cf3244852eba10174fdf7b7e41e
34d914cc70bc72c0e836cc6a0cd9680dcd88fd7ae54afe97c6f85113d7055533,qwen3_32b,qwen3:32b,task-humaneval_plus-009,testing_oriented,0.2,3,20260407,completed,pass_at_1,1.0,155553.90031800198,stop,1624,329,true,4096,False,False,313,5684,de1c62cd34740650050555e4c97f5d5d2f2d347e1d59b00b73fa190ca4406548
c517d36b72bd54b1b63a53ce62f68f7965941614349187b251f58be00f7ffaf9,qwen3_32b,qwen3:32b,task-humaneval_plus-136,professional,0.2,4,20260408,completed,pass_at_1,1.0,126665.91619398969,stop,1342,209,true,4096,False,False,174,4042,6a00c8abf617385438081bb59aae4987ff3c8288a9a1ccb8c687dafef37e6e39
9bcae3e86752575bb5e664390239f52de829bc4fc4a0ab1cb8ab626a14c77a3b,qwen3_32b,qwen3:32b,task-humaneval_plus-046,explicit_reasoning,0.2,4,20260408,completed,pass_at_1,1.0,159583.94666798995,stop,1739,157,true,4096,False,False,183,5288,93886abd0495a6bea276505ff3501a534ddb98af806cc59a8d4f5002627ea991
3f60f4ddf3c0ee804942886751798cc5bfbc93ffec53c9e1f72abb1e47c8f2e9,qwen3_32b,qwen3:32b,task-humaneval_plus-096,professional,0.0,1,20260405,completed,pass_at_1,0.0,408082.6265789947,length,4096,175,true,4096,False,False,328,14021,3757864388964eadae68acb7e2ebe61d2e7dbaf4945e0acad7cfabedcf6f79c5
039014b2fd7ae30ddb7b3dd1573bbfead5169481131af8debcb7eb18fb4dfcac,qwen3_32b,qwen3:32b,task-humaneval_plus-067,explicit_reasoning,0.0,4,20260408,completed,pass_at_1,1.0,148799.94605299726,stop,1576,180,true,4096,False,False,188,6033,d7a8e02aaaa01559308b5b7694414ccf069e8088391ae5e62ab00887049cfd9d
2c9943ac4d533657e2fa4a5a76d8f8506dccdbdfc40f6e6d33bd5a89ba867415,qwen3_32b,qwen3:32b,task-humaneval_plus-039,testing_oriented,0.0,2,20260406,budget_exhausted,pass_at_1,0.0,434070.79658498697,length,4096,184,true,4096,True,True,0,17925,8ea42c8a5b89ea7d13183c009b0a5f49c4b1d14003b6f056bc1ebcc3f8e4174f
f1c962893feee47f4fb0f454d0cb783ccb5e86362dc1b7a2bd9f46ac4df52c95,qwen3_32b,qwen3:32b,task-humaneval_plus-057,explicit_reasoning,0.0,3,20260407,completed,pass_at_1,1.0,111307.6360559935,stop,1193,247,true,4096,False,False,145,4432,17af2067ea37f3751c141cf175bd59bf9faf1df201239077de2765c3b110277a
dd3c1f33169bdb60caa209ac37d09d99b3334846e8cf8f02c973ded0d13bf140,qwen3_32b,qwen3:32b,task-humaneval_plus-075,professional,0.2,2,20260406,completed,pass_at_1,1.0,179772.22487700055,stop,1930,140,true,4096,False,False,296,7191,b6b6d6377c5328694740a4ff3c28ace1fb89cdc619464e1d1d62de9bccbf3ddb
82d0d40413651755c6c81cf416ca8e127fc746d60f64b13dd254f81644bd3fd2,qwen3_32b,qwen3:32b,task-humaneval_plus-134,minimal,0.2,1,20260405,budget_exhausted,pass_at_1,0.0,417779.7394730005,length,4096,165,true,4096,True,True,0,14202,8ddc440923db9ec4478b2711ca24196a7dc916be69bd315e4371a03a73c670a7
725428c5520f55dc9bf699578fc54cd7e0e68a96a286d94abd17af4b8756caed,qwen3_32b,qwen3:32b,task-humaneval_plus-046,testing_oriented,0.2,0,20260404,completed,pass_at_1,1.0,279797.9069740104,stop,2772,147,true,4096,False,False,180,8529,b0bac322aabbede823e37066bf426c965b3b659c09ceeb3f1b34017d0bd91379
2e0968aa9955aaaf9545b24b45acd0d6e4c83adb4f8a7b3b1d31a9db7336c720,qwen3_32b,qwen3:32b,task-humaneval_plus-093,testing_oriented,0.0,4,20260408,completed,pass_at_1,1.0,175369.1392710025,stop,1826,127,true,4096,False,False,60,7059,af39dc01acc91fca81d79fc54e3c30a3eff7e8bbf6c72589581855e40e676a46
a6a181456c9e4795d6ad20d8860c3746239ae378245487f1b4a74594f5252783,qwen3_32b,qwen3:32b,task-humaneval_plus-116,testing_oriented,0.2,1,20260405,budget_exhausted,pass_at_1,0.0,405054.4244210032,length,4096,105,true,4096,True,True,0,13057,263243576b89a434eddd9baaf8a931970914fd8399fb86fb4d94ada3f790efa7
381aa8e4648eef590c87a656ceef55e0abe838ff06a99d418f4bd013e4c94394,qwen3_32b,qwen3:32b,task-humaneval_plus-149,professional,0.0,1,20260405,completed,pass_at_1,1.0,84426.59607900714,stop,914,107,true,4096,False,False,171,2849,dccb013d1c46dc810a52849140764c2a9d29b9a67b896a3eb7c6036e041c4be3
f0726bb386f3d53b1aa338d567f65ffca7273efcbdeb1e0486dcd3a0a9d48764,qwen3_32b,qwen3:32b,task-humaneval_plus-019,explicit_reasoning,0.2,2,20260406,completed,pass_at_1,1.0,248652.71422101068,stop,2513,148,true,4096,False,False,225,7686,fb5635999d96b18d695a04297e2f888a235a57b11986447001e31e506f1a66a1
ae14208c61eeb4ed1bf06f975b8fd5cb19e1832324a307b327ac32820dbe6bc3,qwen3_32b,qwen3:32b,task-humaneval_plus-089,explicit_reasoning,0.2,0,20260404,completed,pass_at_1,1.0,52917.06548100046,stop,598,178,true,4096,False,False,276,2031,1f19deac56ee53ce75344a4b9b4736637b4793f2a2f9aadd98f9f64d2ecf5629
5e457770836bfbc77e4a0e1adc273e73b31a42b44c2901aaedaf8ef7714e3431,qwen3_32b,qwen3:32b,task-humaneval_plus-048,testing_oriented,0.2,2,20260406,completed,pass_at_1,0.0,156537.90210399893,stop,1711,156,true,4096,False,False,142,6927,abaa2e7765bfe4a91f28b64ab4c43487efcbbafe769c32808db7f262ccfbc812
06ed264f880f08ad74cad47949ae11a9846fa01581451f572b38617e21d7d706,qwen3_32b,qwen3:32b,task-humaneval_plus-041,testing_oriented,0.0,1,20260405,budget_exhausted,pass_at_1,0.0,385645.22263398976,length,4096,187,true,4096,True,True,0,16732,ce359b5dac5468e31d4b3f79da486081aef931b918c7041fd9beb56062b43dbb
4764bd3914aaa62932a81afe93cc31d9b5e99052b468ec9d2da41d1606f66455,qwen3_32b,qwen3:32b,task-humaneval_plus-039,explicit_reasoning,0.2,4,20260408,budget_exhausted,pass_at_1,0.0,384144.29516099335,length,4096,194,true,4096,True,True,0,18423,3e1134e364bb793be8544868d52cef4fb06e67979da95309a7d828125b5da28b
5f42e2de16c25e0e3aac70b570858ae5523172ef360c11e6eed5fc2e77d8a99c,qwen3_32b,qwen3:32b,task-humaneval_plus-058,testing_oriented,0.2,4,20260408,completed,pass_at_1,1.0,58760.561944000074,stop,689,118,true,4096,False,False,99,2406,d591008b76ac91ff09991ece015970fadcd8b82ff13ae0630f81976c92f6384a
0e1f9b656eea2f3173bde7065058a479afd1f1ab9dfc67341f79e5bbc922a5ac,qwen3_32b,qwen3:32b,task-humaneval_plus-073,testing_oriented,0.2,4,20260408,completed,pass_at_1,1.0,248250.91646699002,stop,2536,156,true,4096,False,False,195,8426,eb791d0ffa75f820e5295dc13c443df5db4fad17e2d63100a67ec50426cf8be2
0b4525efd63adaeeea2b982bc9c5a5c729e7097e51014402f50cb1559bc689a4,qwen3_32b,qwen3:32b,task-humaneval_plus-144,testing_oriented,0.0,3,20260407,completed,pass_at_1,1.0,106668.70182599814,stop,1114,171,true,4096,False,False,214,3411,48c766a627490d792c76b15138f2d764d92af9d5d91ce61b84e048fcb19e45c8
cf710047466dc18a278d63e39fb047518fd4f5ad05a4292af1e25e89c0199b34,qwen3_32b,qwen3:32b,task-humaneval_plus-059,testing_oriented,0.2,3,20260407,completed,pass_at_1,1.0,153936.053737998,stop,1605,140,true,4096,False,False,397,5104,b576b51d4746153889033d6426cbe16b86e40e907ab9ac21c7403cff60cee5ca
aa332609b8240d4fe4161a5705b9be8b985f93211f440a857127b1df04a864c3,qwen3_32b,qwen3:32b,task-humaneval_plus-100,testing_oriented,0.0,3,20260407,budget_exhausted,pass_at_1,0.0,428054.0267639881,length,4096,209,true,4096,True,True,0,14513,9ba97dbc3d51e82c47ebe7531dfc162845c814146d7dcb55589cc6e15e21bc26
a7af74adff4e075fb17158fa12473bfc6be8cc442a2b0f0692494c46bc5551d7,qwen3_32b,qwen3:32b,task-humaneval_plus-120,testing_oriented,0.2,3,20260407,completed,pass_at_1,1.0,260161.7826189904,stop,2713,119,true,4096,False,False,415,8076,cb7a55885e620c7ca89d607f0b552af8041fe0c2871bde1398f7a135ebad3bd3
da7a87f704180700427764e3b829ffb43db4c0c4a35a8ca22daf1993299e755c,qwen3_32b,qwen3:32b,task-humaneval_plus-051,explicit_reasoning,0.2,1,20260405,completed,pass_at_1,1.0,186665.71870900225,stop,1985,209,true,4096,False,False,488,6680,dfa2482ed359d8c611b38b8579ece815d86b201530beaa6bf6813fa78483eb4e
580dae012499eaf82da7018ec757be8b9808b5b7357c74aeec47de6e4aee1400,qwen3_32b,qwen3:32b,task-humaneval_plus-129,explicit_reasoning,0.2,1,20260405,completed,pass_at_1,0.0,150401.05877000315,stop,1548,286,true,4096,False,False,145,6258,08bda7728a77246859f4e66a4bf0e5bcc7629481a760304f57b3236148a29c9c
226c326eeec2e87210a893a1cb5ea024271ddb874f382bc4b86c0f719bc4bf33,qwen3_32b,qwen3:32b,task-humaneval_plus-092,explicit_reasoning,0.2,2,20260406,completed,pass_at_1,1.0,264864.19442199985,stop,2721,210,true,4096,False,False,326,9402,969c815ba519b67fb1d66732febee2fd82e3e5d168da2e51791c542a04309d3d
b23854ae33143f555be0c0e7eca8f81aafdd8d9a2aab63db405464f11122c53f,qwen3_32b,qwen3:32b,task-humaneval_plus-081,professional,0.2,2,20260406,completed,pass_at_1,1.0,39610.816405009245,stop,446,95,true,4096,False,False,167,1658,2644bcc0f466ccdae27898c8231fc40b2b8e8c18b6f3b845375c15592896571f
212e75ce58ffe50e2798994f4b29ed03243e917a5620f5269915ea08e3d8b393,qwen3_32b,qwen3:32b,task-humaneval_plus-122,professional,0.0,2,20260406,completed,pass_at_1,1.0,95612.91248099587,stop,1044,156,true,4096,False,False,70,3802,2b4bbdaf1635b10f1a8bf31e156cebaf7174e498e210f76aeff25be7fc247e5f
189102a85f1c0fd986cdf8dacc9eb262b084026fdc175c92eea1b311af75f7ba,qwen3_32b,qwen3:32b,task-humaneval_plus-093,professional,0.2,0,20260404,completed,pass_at_1,1.0,129832.77296900633,stop,1430,129,true,4096,False,False,60,5438,b298afa95c180e88ca63ecd230bfbb245fc22d2d9850bd736cae451a4ade49c7
0d0685457920f59c78798efc79325e895085b81683eb3ee694e1627d456a1447,qwen3_32b,qwen3:32b,task-humaneval_plus-099,testing_oriented,0.0,2,20260406,completed,pass_at_1,1.0,77972.03669100418,stop,880,167,true,4096,False,False,242,2994,dafb41bbac240d09c7e40b9b756baa60d454813ebff0c3bea59d3f0602eb7407
0f5d37c060d71135ce7510108c87a6fd18e2a2150c816de008d6bfbfc963ea09,qwen3_32b,qwen3:32b,task-humaneval_plus-063,professional,0.0,1,20260405,completed,pass_at_1,1.0,291086.68398999725,stop,3101,181,true,4096,False,False,142,10120,95ff35af8c6d32ffee00d1846e52134a38eaa31feef375a0afe15679eb68bf02
6827ee7a98f6778f3905edb2beab872a4bd8189bcf7d337371027bdc016be81b,qwen3_32b,qwen3:32b,task-humaneval_plus-042,explicit_reasoning,0.0,2,20260406,completed,pass_at_1,1.0,90477.11537900614,stop,1009,163,true,4096,False,False,167,3490,0150e115bd3d2900f2cbb6f19f18ff4eeb9ef78ca5cc0c284783185a4c259507
e16bcb891c30f4f3468cf88645c96d011253086298709a05ae2d102b4e329506,qwen3_32b,qwen3:32b,task-humaneval_plus-098,minimal,0.0,1,20260405,budget_exhausted,pass_at_1,0.0,399097.26080700057,length,4096,141,true,4096,True,True,0,14891,6b89a05a04ea5a2bb0b7d4e2e2be1303500c5f87a86a57d23a0106fbeb38718a
40153c122bdbfbee8a812daccf2bba56f803f735081199240ea79b525ff19cb0,qwen3_32b,qwen3:32b,task-humaneval_plus-160,testing_oriented,0.2,0,20260404,completed,pass_at_1,1.0,268908.3933219954,stop,2938,223,true,4096,False,False,310,11327,b11622091146911b8fbc3ca29bfd255d2496d21683107e1bfd23b0998b80d1ad
16292b61dc5c4f968402e36b96da8cc624408f189cccbbf7c8380f0f5457ca2e,qwen3_32b,qwen3:32b,task-humaneval_plus-001,minimal,0.2,2,20260406,completed,pass_at_1,1.0,116777.43536799971,stop,1338,166,true,4096,False,False,291,4730,0fd3749b58f308c8c91eda39998ecaf82c03502170f180a732df3541e7789687
c2cc3a1f4e0a3a9b77ff70ae59a8b894e6c892aa93a74f9e7fd77d9c8a7e9014,qwen3_32b,qwen3:32b,task-humaneval_plus-072,professional,0.0,3,20260407,completed,pass_at_1,0.0,235843.6936020007,stop,2626,138,true,4096,False,False,353,10481,df8ac644f4874b549ee5e0990f34644f58a9405688177fe7c0ca7f35465aa343
451fa7d0793af078aede7e580549789d2a3c848a4cdc687770b1a2cebd1e6657,qwen3_32b,qwen3:32b,task-humaneval_plus-111,professional,0.2,0,20260404,completed,pass_at_1,1.0,111399.7304289951,stop,1280,143,true,4096,False,False,426,3863,60bc28bca025703143877eb3298f4be5b1e7d20868a77d47065ec510b9fcaf5d
49deffb9e3574424802433a7bfc23cde8c4235703d34db89222b080c736f921a,qwen3_32b,qwen3:32b,task-humaneval_plus-066,explicit_reasoning,0.0,0,20260404,completed,pass_at_1,1.0,282448.6916040041,stop,3080,169,true,4096,False,False,130,11420,b6b7e635b0b767e86310fa55e66eeb52bd61554fbf7b14d4559008d9e4e59f1e
96050265be9cd704ea0b11848f4dbc2f15bd363f949da95b4ac0cea45bd6c161,qwen3_32b,qwen3:32b,task-humaneval_plus-159,testing_oriented,0.0,1,20260405,completed,pass_at_1,1.0,275141.21289900504,stop,2980,377,true,4096,False,False,480,9253,5da99a4955eab5f35c195bccc4b4f8b47d6a4e3637077bed8f37346715be85eb
624c7b7405534fb965d279821f8277a268d35d3a51097960732294c541e98155,qwen3_32b,qwen3:32b,task-humaneval_plus-102,testing_oriented,0.2,4,20260408,completed,pass_at_1,1.0,47599.19203800382,stop,557,163,true,4096,False,False,253,1776,42a4e23df8dd2f91f88623a53cfd4d23a0cd20d19533974b0caf5c3d7a2e3d12
410c7da3c93843df90965b361dbd4573819b59e1ee9425d12885ce8696c0acfb,qwen3_32b,qwen3:32b,task-humaneval_plus-108,professional,0.0,3,20260407,completed,pass_at_1,1.0,51329.99407200259,stop,599,123,true,4096,False,False,283,2291,6fab036a49ed617c6975572452ca02c8ca41d899b70c1bf5160f5523ebf52fef
0fdfe797690e428920bd9b1af7dbd7caa25e0724cbb79c2f809370f645e4a1bf,qwen3_32b,qwen3:32b,task-humaneval_plus-115,professional,0.2,3,20260407,budget_exhausted,pass_at_1,0.0,397365.17838199507,length,4096,195,true,4096,True,True,0,15292,f9faae1e0c0164be3f8ba0b5921b4b163009a0831680c0d454c33b45cbaeae89
1b5625b5cbb590de26acb06440ba26cc42ee5595ecf934f76ff497f2d452bbed,qwen3_32b,qwen3:32b,task-humaneval_plus-158,professional,0.0,4,20260408,completed,pass_at_1,0.0,402702.98509299755,length,4096,161,true,4096,False,False,133,15439,b59805b6ad9873876012b6b19796960e7b1f61938774b77ee83bbce0f4068341
1d3759b14870769e2a1047df2bf0be727d3e0e7eb8561c6de7484032ef1f25a0,qwen3_32b,qwen3:32b,task-humaneval_plus-050,testing_oriented,0.2,4,20260408,completed,pass_at_1,1.0,141605.77704200114,stop,1579,221,true,4096,False,False,284,5062,c1ca73543f2d7afc2cee46c31d1e2592b17c725cb29a3f56294a29bb7103a6ae
0519571f9d9635e3f1e618e165976c753a883d73b69565de4aba830f43ceddb3,qwen3_32b,qwen3:32b,task-humaneval_plus-133,explicit_reasoning,0.0,1,20260405,completed,pass_at_1,1.0,237102.19396201137,stop,2540,184,true,4096,False,False,399,8870,cfc20912046545ec0a7faf5384c02c3c56dfd76b82a2c7dfcc824c606d9f0dd6
07f957f5150c910febcdff997c1244e852029190b98daf1497bf38584339f18d,qwen3_32b,qwen3:32b,task-humaneval_plus-059,testing_oriented,0.0,4,20260408,completed,pass_at_1,1.0,206156.46236600878,stop,2114,140,true,4096,False,False,382,6860,986f4dead95ec207faa4a8e8210605d762a3571d7b66cb75fd0cdda7b47aa742
df420e63859d7631c7a28eb64a2cd1e7cf402c7ec6dd35cc16d366d6b3e46e0e,qwen3_32b,qwen3:32b,task-humaneval_plus-153,professional,0.2,1,20260405,completed,pass_at_1,1.0,134701.29430700035,stop,1467,162,true,4096,False,False,240,4647,0182fa22227340b2ce140ef529c43116441d0e44ca1d960c4314a0f5a384d406
a1d6c98f56dd0121de48fe927f73a41f05836ec8dad3597cf8ce4b1eeac198d7,qwen3_32b,qwen3:32b,task-humaneval_plus-024,explicit_reasoning,0.0,2,20260406,completed,pass_at_1,1.0,208288.05681499944,stop,2228,228,true,4096,False,False,421,7864,eff1eb4dac90bbac2d485d405e41e0ce877eea45bd24dbb09d92fe6a1772b9fd
7fff5cc27c8db01baed4b352d8bd31c49494352205c6af906a94fd2de577dee6,qwen3_32b,qwen3:32b,task-humaneval_plus-159,minimal,0.2,3,20260407,completed,pass_at_1,1.0,320517.3987829912,stop,3378,369,true,4096,False,False,465,9964,10492022f5dff65d5c8ac9abb80f245d4db44d7f13638902de91ad27d4af3d1c
cf6c32ff26fd5505c2eeb0d6b8d02dc4750a6fadbb9c640ea73dd73fcab1e602,qwen3_32b,qwen3:32b,task-humaneval_plus-104,minimal,0.0,3,20260407,budget_exhausted,pass_at_1,0.0,407272.43952399294,length,4096,139,true,4096,True,True,0,13737,55a563d88bcb75731589fb30d4aa08231d3ea4c4dc55bb1e202ff2d11dee66b9
c38cce05af139e1b5b5a181203730b3a993c96f8b5be3b0546415e71ffa72583,qwen3_32b,qwen3:32b,task-humaneval_plus-126,testing_oriented,0.0,0,20260404,completed,pass_at_1,1.0,244390.54291100183,stop,2566,176,true,4096,False,False,235,9060,9b63f499114cb79b64497bbc515629fae2c465db20b69f8730764b764736fcf9
0cd42831c3329a90ddce18f75cdbe2b0f0174196c62e1800bec6dc91f5b0b7c8,qwen3_32b,qwen3:32b,task-humaneval_plus-112,minimal,0.2,3,20260407,completed,pass_at_1,1.0,99603.16382299061,stop,1083,164,true,4096,False,False,151,4107,59462f0817d526a33b45c4eb73894c82cccdda114027cc95420cc0d7420dd69d
500dc7dec0e0d6d5e3d4e2a4a09e6473bfa1ed02120d21a895bad088082d3fa2,qwen3_32b,qwen3:32b,task-humaneval_plus-105,testing_oriented,0.0,2,20260406,completed,pass_at_1,1.0,34219.790653005475,stop,387,96,true,4096,False,False,61,1329,bd51a37b06813adfeb490e5c8b2ecbae1201ffb2367b8a06d3cd5595f00936f8
ffa80a916301fc6e89e48c461f00df5fa2e4727434507cf3b447ae97cb549de4,qwen3_32b,qwen3:32b,task-humaneval_plus-086,explicit_reasoning,0.0,4,20260408,completed,pass_at_1,1.0,51814.05335999443,stop,598,117,true,4096,False,False,253,2283,7d927229f56f7bc9159b3ab5fe0fc1e904a456f4bb8385b5a7431e9fbc843298
81d55255535805ed4488e8ecdaca17ea4fd6cbd6cb582d412cf7bd176daff96e,qwen3_32b,qwen3:32b,task-humaneval_plus-066,testing_oriented,0.2,0,20260404,completed,pass_at_1,1.0,94610.74125599407,stop,1061,159,true,4096,False,False,131,3575,b690c188d4bdf40e268b288034ef4f040c1ba261c5f63f35e897b738442a546a
df96eef0a525eb11d1b7c55bf945620305b9e23860f3235964ad8f7e12d52197,qwen3_32b,qwen3:32b,task-humaneval_plus-112,minimal,0.0,3,20260407,completed,pass_at_1,1.0,123250.85096199473,stop,1355,164,true,4096,False,False,142,5049,045b64218e365aeb1e4de06df342342aa086cbaee59519f719bd5bf87633f2ef
f6d4826be653509eb067a4dd2959f7bd17789f33417b481ce013baa92f1006fb,qwen3_32b,qwen3:32b,task-humaneval_plus-028,minimal,0.0,2,20260406,completed,pass_at_1,1.0,135535.93836499203,stop,1412,179,true,4096,False,False,146,4450,ad562ac44fec88cdbe0c4ffefed06439611d29563ee95c9d0fd0b41d864650df
a76d89dd26d29eba3f560188aaab12aeaad22858392adcc1efef5f4067aaee80,qwen3_32b,qwen3:32b,task-humaneval_plus-127,explicit_reasoning,0.2,0,20260404,completed,pass_at_1,1.0,232115.36362599873,stop,2474,146,true,4096,False,False,163,8533,2e5d6b4c430056a3bee5055439f84e7945a07bab85a39fe91f1e7e31c9a86e40
933f8e45db4fc85a156ec0859ff4c2961f9e462bd1802cffcd069098c8a6eb16,qwen3_32b,qwen3:32b,task-humaneval_plus-047,professional,0.2,4,20260408,completed,pass_at_1,1.0,74252.78019098914,stop,839,111,true,4096,False,False,281,2768,45e763d17e71421ce03f5d3cb324bb6bb24442a7e7b4e00f800b9185bbbcc4e4
75256a7fcac5286275bb644d6ed6f655c263d159e1be706c2ccae0f69f51f785,qwen3_32b,qwen3:32b,task-humaneval_plus-146,testing_oriented,0.0,2,20260406,completed,pass_at_1,1.0,179000.57021799148,stop,1901,131,true,4096,False,False,309,6042,1f554f05a13a769b9ccaad1e73f06671b789031819e28faaf89a8ca3de671f85
1e8b508343c74a2ec0afd99c0545cd51d62c21b0c10e50d9f8cc969e1c1471a1,qwen3_32b,qwen3:32b,task-humaneval_plus-084,testing_oriented,0.2,2,20260406,completed,pass_at_1,1.0,157881.15584099432,stop,1718,134,true,4096,False,False,212,6832,322d37922ec98208cce6f790b718af1a82f7440b576d1a4f65927fc0f84f7608
a58422f6fce7df6453b00a25a41252a5396648beb30b5331effd745cdba110a9,qwen3_32b,qwen3:32b,task-humaneval_plus-074,professional,0.2,2,20260406,completed,pass_at_1,1.0,103297.16892400756,stop,1147,224,true,4096,False,False,342,3970,b60687acec65b49a167cbc2c29f38a6346a4eb7180c3ec6c9f9116978a9f3139
da8153308c1db714c76870f8ee4ea2aef1349198d72ef620119f207af314176c,qwen3_32b,qwen3:32b,task-humaneval_plus-138,professional,0.2,1,20260405,completed,pass_at_1,0.0,395937.0328320074,length,4096,135,true,4096,False,False,332,13486,21e6f38532396b9816c8f365cc02fba05a575ce56e3ee9eed3fe496a9dde132f
621d63b7fefa0b8f63fbef81d7f17cff33877eaba8257d87700e5207177cc6c6,qwen3_32b,qwen3:32b,task-humaneval_plus-043,professional,0.2,0,20260404,completed,pass_at_1,1.0,275974.6637260105,stop,3024,190,true,4096,False,False,741,10711,a6d5adafa507afbb4cf2547739a2935c74d217e660e8e00cd07edb2ff2e90cbb
314e24633da88674eac4d5608ff8b540dbcf1781e66455fa28264ed77468c5c6,qwen3_32b,qwen3:32b,task-humaneval_plus-013,professional,0.0,0,20260404,budget_exhausted,pass_at_1,0.0,388670.83025400643,length,4096,351,true,4096,True,True,0,13597,ddd2b455b09086739d1d30cb513e58423c9bfaa772a8374c32d0f326c0e5b2d0
8eced76c5edbac6ae3ec8a6d09f883727d1155b1b2ef0c2b3cec7e6de7a59f00,qwen3_32b,qwen3:32b,task-humaneval_plus-110,explicit_reasoning,0.0,1,20260405,completed,pass_at_1,1.0,87382.9524400062,stop,1008,152,true,4096,False,False,258,3581,5dd19dcaa22c7f30f2e457725d8d12229f8f391f58c1a221fff96ab4d36c11e5
14983868e98f6c9d6e077fb513eecc658264e57f0621a35c0c70d93f0c5f29db,qwen3_32b,qwen3:32b,task-humaneval_plus-103,testing_oriented,0.0,2,20260406,completed,pass_at_1,1.0,291002.13631399674,stop,3162,207,true,4096,False,False,220,10627,f6b98f9cc98608f96a61f6ba434fa586c482a72140dba2886fcf296852883714
7cdfa0b9a06e8c84336b53ae094fb8215ba1fb3e969e9bbc1fba67b7b086ce87,qwen3_32b,qwen3:32b,task-humaneval_plus-096,explicit_reasoning,0.2,2,20260406,completed,pass_at_1,1.0,147558.20073799987,stop,1674,183,true,4096,False,False,351,5536,182c400ef46c79676bb9e3c89a25ac23f23b5fd60e9ca01b1bbf1aaa54f34828
1400168dc1136115d177ffcba88fec6813ad4e5d263ab1fdbe1206294400c1da,qwen3_32b,qwen3:32b,task-humaneval_plus-059,testing_oriented,0.0,2,20260406,completed,pass_at_1,1.0,187887.59819799452,stop,2114,140,true,4096,False,False,382,6860,986f4dead95ec207faa4a8e8210605d762a3571d7b66cb75fd0cdda7b47aa742
8f113212a6b94a70f572476712b4b5b11a14afa0f1e0cde6159e045636a7968b,qwen3_32b,qwen3:32b,task-humaneval_plus-053,minimal,0.0,4,20260408,budget_exhausted,pass_at_1,0.0,386108.09725399304,length,4096,163,true,4096,True,True,0,13748,4bb763e90aaf4b11f0a4d57e8942b8c9f17e8791e45d5f53710ce03c32ba1f63
a9aeeec2f1247a66b057e65cdbd3b231233f040dceb6cdce42e4fdaff62a1105,qwen3_32b,qwen3:32b,task-humaneval_plus-108,minimal,0.0,2,20260406,completed,pass_at_1,1.0,37615.90128899843,stop,444,113,true,4096,False,False,283,1530,91dd31477a6e8b79feb4f91e8dc0c9286d7cb1d6978754a006d68ff7e0f7c0da
1af7a5dbcc402fbf7a3077fa467c0a78d152268ade6a578534b5dd9a8d876d57,qwen3_32b,qwen3:32b,task-humaneval_plus-080,explicit_reasoning,0.0,0,20260404,completed,pass_at_1,1.0,297671.43133300124,stop,3246,152,true,4096,False,False,362,13061,e2d5362c698974188825a7d0c9644008266bf4f3f822f0da74dadd9174556423
fafbfd136b52b8eeb259dd7ef050f50c67ee9c1425fc0e92a768876aa57093dd,qwen3_32b,qwen3:32b,task-humaneval_plus-007,explicit_reasoning,0.0,2,20260406,completed,pass_at_1,1.0,358628.36602699826,stop,3833,210,true,4096,False,False,147,12400,d6037437158497907fbefe5ab65ad01fff842d06681f5af668ed0fe86a3823dc
b4662e455eac2324024990c74e12c1f7303f48053ed6742b826c6cdd6714bd58,qwen3_32b,qwen3:32b,task-humaneval_plus-151,testing_oriented,0.0,0,20260404,completed,pass_at_1,1.0,185549.4850380055,stop,2061,309,true,4096,False,False,996,6197,1615376d8c73016b09a1c8fc892c710eeb65aa0890d162759501322b0a81a29e
da894d447f015325adfb0892543415def7f66465eae4499c24527811cb9b22b2,qwen3_32b,qwen3:32b,task-humaneval_plus-128,testing_oriented,0.0,4,20260408,completed,pass_at_1,1.0,60251.95084999723,stop,704,170,true,4096,False,False,138,2468,e38b1e4295ab8d201d59325a4d69c3e5179fedd497c9e5fdc80b4ee7c410a382
0b163ad896ccf3feaddda314e27d87446c6d72174f088628fbe554429f3e5e00,qwen3_32b,qwen3:32b,task-humaneval_plus-144,explicit_reasoning,0.2,1,20260405,completed,pass_at_1,1.0,94327.40476100298,stop,1083,181,true,4096,False,False,208,3223,c5bcae750db1faf3d52e9ce02e738c05b3bce372a89d1570caf9feacf8e8d383
a2cd5c7d2d7dd5769f2a0304a13e53d05dd7ce0e88c57cbaf7ce55af5f09b4e2,qwen3_32b,qwen3:32b,task-humaneval_plus-077,professional,0.0,1,20260405,completed,pass_at_1,1.0,56666.49394000706,stop,667,137,true,4096,False,False,90,2581,aef60429b6f4f44e29819438fef8a67941985d4aba9f11140581d004a21999b4
b0b76c216668707d4c8368b4a5426eb2f13e6b6ad6136293b9b0c1f8bd360e78,qwen3_32b,qwen3:32b,task-humaneval_plus-057,professional,0.0,1,20260405,completed,pass_at_1,1.0,230104.85546100244,stop,2545,239,true,4096,False,False,145,10782,450153d7d29ae0b67036f320457398f01c596aa492ec59b82da9396bf625e764
44b95f9dc1817878380f5ec0557ccd9cf79643c3090101f8dbd9a9880f49549a,qwen3_32b,qwen3:32b,task-humaneval_plus-061,testing_oriented,0.0,2,20260406,completed,pass_at_1,1.0,67778.7688679964,stop,781,280,true,4096,False,False,92,2698,f6547a88c09b6a2264f8bf4626a0ae6ca76c92fc8ccf7c28aa49c22990037803
1431bcb0fd81711d579290a4cda32f89b1d946373af14aad8c7c489d46b523e1,qwen3_32b,qwen3:32b,task-humaneval_plus-038,professional,0.2,4,20260408,completed,pass_at_1,1.0,230216.95643500425,stop,2563,126,true,4096,False,False,226,9043,e3a6c26eeccda027c3fd3fc7dbc70579324b3fece28e4ba53d2b0b483edc2a91
11c63f93d8e771ba81f4e96aa472ef607da16bdc3e776062cfaf44b19c1986ea,qwen3_32b,qwen3:32b,task-humaneval_plus-095,testing_oriented,0.0,4,20260408,completed,pass_at_1,1.0,199924.5609770005,stop,2250,134,true,4096,False,False,381,5634,f6c45717d99b20de2e19b16a437280aa95e9beb5fbb3d09eca4e0a522d7dc90a
2a18d8e537da80c98c50248e25b43ef1174353df9d9517e02fe7a37f4afa717e,qwen3_32b,qwen3:32b,task-humaneval_plus-032,professional,0.0,1,20260405,budget_exhausted,pass_at_1,0.0,388402.2637290036,length,4096,301,true,4096,True,True,0,16037,803b7047c86f9b5ecdad04eff110dd1aa6dece1ca9bbb3fc65376581229c8a3d
2321c1263a8a3a1607183b7e1da33f815541155044ca2291c3dff549337d8394,qwen3_32b,qwen3:32b,task-humaneval_plus-034,explicit_reasoning,0.0,0,20260404,completed,pass_at_1,1.0,270139.1926840006,stop,2965,182,true,4096,False,False,335,10736,e0ec3df7d5557013bdfb70f618f8ca6d3b110b73f683742f1cbdbdf4200681b9
4dd6eff7a80625c5b0ef86267a0c8c5fb4a5d6d531cae70e8055f32e3d97d1fd,qwen3_32b,qwen3:32b,task-humaneval_plus-117,professional,0.2,2,20260406,completed,pass_at_1,1.0,92697.64256900817,stop,1067,144,true,4096,False,False,270,4127,72ad66617aef0389eb2fc2a0f82e49e248c5d4ca1c05b0d1cc47cd1351c8d7c1
6f31c8b48be0ed3e0e601a6476318fc1b6852dbdf34a69914edc0833ffae6e57,qwen3_32b,qwen3:32b,task-humaneval_plus-046,professional,0.2,3,20260407,completed,pass_at_1,1.0,106098.75972100417,stop,1224,149,true,4096,False,False,183,3800,790be45971e0141f6d2cf92dc2513edd13b63d85a1673452d7ae20736aa0351d
11fbd69a5fa042e0e5584a1b9214d965da2a709a125d1eb5c7bf57f3e298b1aa,qwen3_32b,qwen3:32b,task-humaneval_plus-096,explicit_reasoning,0.0,4,20260408,completed,pass_at_1,1.0,212244.3205430027,stop,2366,183,true,4096,False,False,250,7548,60cddcbdbd57c37d54035d95603beb648b0237d9f8e01bd538d5931cab8883d3
ea95017d9bc21c6b45ca90aa9dfeb97089e5a9a7003f31f2ccaa8f2aa073d8a5,qwen3_32b,qwen3:32b,task-humaneval_plus-157,explicit_reasoning,0.0,1,20260405,completed,pass_at_1,1.0,199636.87243999448,stop,2227,195,true,4096,False,False,539,7382,3a4f118d540b315085bbcfea38eac0884c46c4499ce781cf326324ec9a9e4741
cbfabbe3e553accf01e53810a12ce08737afb8b3544657a1220e3ee181c4570c,qwen3_32b,qwen3:32b,task-humaneval_plus-057,professional,0.0,0,20260404,completed,pass_at_1,1.0,336808.3350149973,stop,3617,239,true,4096,False,False,145,15351,808011f453abc3fb1289d3c2f62aa21b5e54f295e464ff83f80a01c27f71441e
0342de324e6dd832598c28b3f49c2b3848f3ad44c51de514b5268c208a490859,qwen3_32b,qwen3:32b,task-humaneval_plus-061,professional,0.2,0,20260404,completed,pass_at_1,1.0,57423.218976007774,stop,663,282,true,4096,False,False,92,2380,faa0f9d82f8940db953064555733614b0775c1ec02880cf9720365b075a295bc
16f819e1b97d6d746d28ba78b419deab8d99b5e24f6eaadfd6d05aadc8daf266,qwen3_32b,qwen3:32b,task-humaneval_plus-138,professional,0.0,1,20260405,budget_exhausted,pass_at_1,0.0,384305.2924720105,length,4096,135,true,4096,True,True,0,15038,a8da4752aef9ee0257606af0ddaf87c37d8fcd666bf88ffd36cc67151b8cc6e8
3f075ad2ebd9e3311d958d9c7a2bbbce57ce9411f477e6345d8d2370c1ca8c9d,qwen3_32b,qwen3:32b,task-humaneval_plus-064,explicit_reasoning,0.0,3,20260407,completed,pass_at_1,1.0,106570.82991398056,stop,1233,128,true,4096,False,False,207,4242,7b874179cabfa93c33d648d8a21b6b5d58f4f43f7dd80d6f38dd7a2546896f89
